onset	duration	sample	trial_type	value
0	0.001	1	New Segment	n/a
0	0.001	1	Comment	Active Shielding: On
5.685	0.001	5686	Stimulus	S  1
27.41	0.001	27411	Stimulus	S 11
29.265	0.001	29266	Stimulus	S 21
29.925	0.001	29926	Stimulus	S 21
30.192	0.001	30193	Stimulus	S 21
30.4	0.001	30401	Stimulus	S 21
30.611	0.001	30612	Stimulus	S 21
31.76	0.001	31761	Stimulus	S 31
31.978	0.001	31979	Stimulus	S 31
32.656	0.001	32657	Stimulus	S 31
32.824	0.001	32825	Stimulus	S 31
34.433	0.001	34434	Stimulus	S 31
34.969	0.001	34970	Stimulus	S 61
35.982	0.001	35983	Stimulus	S 81
39.5	0.001	39501	Stimulus	S  1
40.963	0.001	40964	Stimulus	S 11
42.689	0.001	42690	Stimulus	S 31
43.607	0.001	43608	Stimulus	S 31
44.261	0.001	44262	Stimulus	S 31
44.825	0.001	44826	Stimulus	S 31
45.171	0.001	45172	Stimulus	S 31
45.407	0.001	45408	Stimulus	S 31
45.578	0.001	45579	Stimulus	S 31
45.731	0.001	45732	Stimulus	S 31
45.893	0.001	45894	Stimulus	S 31
46.047	0.001	46048	Stimulus	S 31
46.192	0.001	46193	Stimulus	S 31
46.353	0.001	46354	Stimulus	S 31
46.522	0.001	46523	Stimulus	S 31
46.675	0.001	46676	Stimulus	S 31
46.844	0.001	46845	Stimulus	S 31
47.012	0.001	47013	Stimulus	S 31
47.18	0.001	47181	Stimulus	S 31
47.34	0.001	47341	Stimulus	S 31
47.517	0.001	47518	Stimulus	S 31
47.693	0.001	47694	Stimulus	S 31
47.861	0.001	47862	Stimulus	S 31
48.024	0.001	48025	Stimulus	S 31
48.184	0.001	48185	Stimulus	S 31
48.336	0.001	48337	Stimulus	S 31
48.5	0.001	48501	Stimulus	S 61
49.511	0.001	49512	Stimulus	S 81
52.452	0.001	52453	Stimulus	S  1
53.786	0.001	53787	Stimulus	S 11
54.845	0.001	54846	Stimulus	S 31
55.031	0.001	55032	Stimulus	S 31
55.21	0.001	55211	Stimulus	S 31
55.738	0.001	55739	Stimulus	S 21
56.345	0.001	56346	Stimulus	S 21
56.593	0.001	56594	Stimulus	S 21
56.802	0.001	56803	Stimulus	S 21
56.98	0.001	56981	Stimulus	S 21
57.597	0.001	57598	Stimulus	S 61
58.606	0.001	58607	Stimulus	S 81
62.856	0.001	62857	Stimulus	S  1
69.954	0.001	69955	Stimulus	S 11
72.022	0.001	72023	Stimulus	S 21
72.725	0.001	72726	Stimulus	S 21
72.979	0.001	72980	Stimulus	S 21
73.18	0.001	73181	Stimulus	S 21
73.407	0.001	73408	Stimulus	S 21
73.593	0.001	73594	Stimulus	S 21
73.809	0.001	73810	Stimulus	S 21
73.994	0.001	73995	Stimulus	S 21
74.181	0.001	74182	Stimulus	S 21
74.379	0.001	74380	Stimulus	S 21
74.572	0.001	74573	Stimulus	S 21
74.799	0.001	74800	Stimulus	S 21
75.209	0.001	75210	Stimulus	S 21
75.38	0.001	75381	Stimulus	S 21
75.809	0.001	75810	Stimulus	S 21
76.012	0.001	76013	Stimulus	S 21
76.199	0.001	76200	Stimulus	S 21
76.407	0.001	76408	Stimulus	S 21
76.686	0.001	76687	Stimulus	S 61
77.719	0.001	77720	Stimulus	S 81
80.903	0.001	80904	Stimulus	S  2
86.144	0.001	86145	Stimulus	S 12
86.37	0.001	86371	Stimulus	S 52
87.096	0.001	87097	Stimulus	S 22
87.361	0.001	87362	Stimulus	S 22
87.713	0.001	87714	Stimulus	S 52
87.849	0.001	87850	Stimulus	S 52
88.121	0.001	88122	Stimulus	S 52
88.393	0.001	88394	Stimulus	S 22
88.513	0.001	88514	Stimulus	S 42
88.545	0.001	88546	Stimulus	S 42
88.617	0.001	88618	Stimulus	S 42
88.689	0.001	88690	Stimulus	S 22
89.163	0.001	89164	Stimulus	S 52
89.452	0.001	89453	Stimulus	S 52
89.937	0.001	89938	Stimulus	S 32
90.106	0.001	90107	Stimulus	S 32
90.358	0.001	90359	Stimulus	S 52
90.835	0.001	90836	Stimulus	S 32
90.924	0.001	90925	Stimulus	S 52
91.004	0.001	91005	Stimulus	S 32
91.18	0.001	91181	Stimulus	S 32
91.357	0.001	91358	Stimulus	S 32
91.414	0.001	91415	Stimulus	S 52
91.543	0.001	91544	Stimulus	S 32
91.67	0.001	91671	Stimulus	S 52
92.026	0.001	92027	Stimulus	S 32
92.083	0.001	92084	Stimulus	S 52
92.22	0.001	92221	Stimulus	S 32
92.237	0.001	92238	Stimulus	S 52
92.409	0.001	92410	Stimulus	S 32
92.602	0.001	92603	Stimulus	S 32
92.658	0.001	92659	Stimulus	S 52
92.797	0.001	92798	Stimulus	S 32
92.983	0.001	92984	Stimulus	S 32
93.16	0.001	93161	Stimulus	S 32
93.281	0.001	93282	Stimulus	S 52
93.338	0.001	93339	Stimulus	S 32
93.546	0.001	93547	Stimulus	S 32
93.706	0.001	93707	Stimulus	S 32
93.898	0.001	93899	Stimulus	S 32
94.467	0.001	94468	Stimulus	S 62
95.478	0.001	95479	Stimulus	S 82
98.683	0.001	98684	Stimulus	S  3
102.685	0.001	102686	Stimulus	S 13
103.453	0.001	103454	Stimulus	S 23
104.524	0.001	104525	Stimulus	S 33
105.326	0.001	105327	Stimulus	S 33
105.546	0.001	105547	Stimulus	S 33
105.743	0.001	105744	Stimulus	S 33
107.203	0.001	107204	Stimulus	S 23
108.649	0.001	108650	Stimulus	S 23
108.853	0.001	108854	Stimulus	S 33
109.119	0.001	109120	Stimulus	S 33
109.858	0.001	109859	Stimulus	S 33
110.06	0.001	110061	Stimulus	S 33
110.223	0.001	110224	Stimulus	S 33
110.401	0.001	110402	Stimulus	S 33
111.188	0.001	111189	Stimulus	S 33
111.395	0.001	111396	Stimulus	S 33
111.604	0.001	111605	Stimulus	S 33
113.295	0.001	113296	Stimulus	S 23
113.56	0.001	113561	Stimulus	S 23
115.223	0.001	115224	Stimulus	S 33
115.44	0.001	115441	Stimulus	S 33
117.337	0.001	117338	Stimulus	S 23
117.528	0.001	117529	Stimulus	S 23
118.065	0.001	118066	Stimulus	S 33
118.25	0.001	118251	Stimulus	S 33
119.021	0.001	119022	Stimulus	S 33
119.233	0.001	119234	Stimulus	S 33
119.413	0.001	119414	Stimulus	S 33
119.617	0.001	119618	Stimulus	S 33
122.544	0.001	122545	Stimulus	S 23
123.286	0.001	123287	Stimulus	S 23
124.136	0.001	124137	Stimulus	S 33
125.237	0.001	125238	Stimulus	S 33
125.465	0.001	125466	Stimulus	S 33
125.641	0.001	125642	Stimulus	S 33
125.81	0.001	125811	Stimulus	S 33
125.971	0.001	125972	Stimulus	S 33
126.174	0.001	126175	Stimulus	S 33
126.837	0.001	126838	Stimulus	S 63
127.844	0.001	127845	Stimulus	S 83
129.778	0.001	129779	Stimulus	S  4
135.202	0.001	135203	Stimulus	S 14
135.348	0.001	135349	Stimulus	S 44
135.509	0.001	135510	Stimulus	S 54
136.093	0.001	136094	Stimulus	S 34
136.438	0.001	136439	Stimulus	S 44
136.758	0.001	136759	Stimulus	S 24
136.895	0.001	136896	Stimulus	S 44
137.166	0.001	137167	Stimulus	S 44
137.558	0.001	137559	Stimulus	S 44
137.622	0.001	137623	Stimulus	S 44
137.766	0.001	137767	Stimulus	S 54
137.926	0.001	137927	Stimulus	S 34
138.016	0.001	138017	Stimulus	S 54
138.248	0.001	138249	Stimulus	S 54
138.734	0.001	138735	Stimulus	S 54
138.782	0.001	138783	Stimulus	S 54
138.894	0.001	138895	Stimulus	S 54
138.934	0.001	138935	Stimulus	S 54
139.286	0.001	139287	Stimulus	S 24
139.319	0.001	139320	Stimulus	S 44
139.93	0.001	139931	Stimulus	S 24
140.179	0.001	140180	Stimulus	S 24
140.376	0.001	140377	Stimulus	S 24
140.424	0.001	140425	Stimulus	S 44
140.577	0.001	140578	Stimulus	S 24
140.785	0.001	140786	Stimulus	S 24
140.973	0.001	140974	Stimulus	S 24
141.014	0.001	141015	Stimulus	S 44
141.16	0.001	141161	Stimulus	S 24
141.378	0.001	141379	Stimulus	S 24
141.461	0.001	141462	Stimulus	S 44
141.485	0.001	141486	Stimulus	S 44
141.536	0.001	141537	Stimulus	S 64
142.547	0.001	142548	Stimulus	S 84
149.668	0.001	149669	Stimulus	S  4
152.945	0.001	152946	Stimulus	S 14
153.243	0.001	153244	Stimulus	S 54
153.491	0.001	153492	Stimulus	S 44
153.66	0.001	153661	Stimulus	S 44
153.708	0.001	153709	Stimulus	S 34
154.04	0.001	154041	Stimulus	S 44
154.722	0.001	154723	Stimulus	S 54
154.771	0.001	154772	Stimulus	S 34
154.796	0.001	154797	Stimulus	S 54
154.87	0.001	154871	Stimulus	S 54
155.218	0.001	155219	Stimulus	S 44
155.402	0.001	155403	Stimulus	S 44
155.558	0.001	155559	Stimulus	S 24
155.8	0.001	155801	Stimulus	S 24
155.961	0.001	155962	Stimulus	S 44
156.01	0.001	156011	Stimulus	S 44
156.026	0.001	156027	Stimulus	S 24
156.244	0.001	156245	Stimulus	S 24
156.421	0.001	156422	Stimulus	S 24
156.63	0.001	156631	Stimulus	S 24
156.834	0.001	156835	Stimulus	S 24
157.048	0.001	157049	Stimulus	S 24
157.24	0.001	157241	Stimulus	S 24
157.425	0.001	157426	Stimulus	S 24
157.609	0.001	157610	Stimulus	S 24
157.709	0.001	157710	Stimulus	S 64
158.72	0.001	158721	Stimulus	S 84
160.957	0.001	160958	Stimulus	S  1
166.261	0.001	166262	Stimulus	S 11
167.966	0.001	167967	Stimulus	S 21
168.867	0.001	168868	Stimulus	S 21
169.433	0.001	169434	Stimulus	S 21
169.964	0.001	169965	Stimulus	S 21
170.245	0.001	170246	Stimulus	S 21
170.431	0.001	170432	Stimulus	S 21
171.314	0.001	171315	Stimulus	S 21
171.874	0.001	171875	Stimulus	S 21
172.124	0.001	172125	Stimulus	S 21
172.301	0.001	172302	Stimulus	S 21
172.461	0.001	172462	Stimulus	S 21
172.63	0.001	172631	Stimulus	S 21
172.798	0.001	172799	Stimulus	S 21
172.953	0.001	172954	Stimulus	S 21
173.125	0.001	173126	Stimulus	S 21
173.277	0.001	173278	Stimulus	S 21
173.421	0.001	173422	Stimulus	S 21
174.802	0.001	174803	Stimulus	S 61
175.809	0.001	175810	Stimulus	S 81
176.791	0.001	176792	Stimulus	S  3
177.761	0.001	177762	Stimulus	S 13
179.039	0.001	179040	Stimulus	S 23
181.006	0.001	181007	Stimulus	S 33
181.913	0.001	181914	Stimulus	S 33
183.418	0.001	183419	Stimulus	S 33
184.315	0.001	184316	Stimulus	S 33
184.907	0.001	184908	Stimulus	S 33
185.681	0.001	185682	Stimulus	S 33
186.673	0.001	186674	Stimulus	S 33
188.47	0.001	188471	Stimulus	S 33
189.449	0.001	189450	Stimulus	S 23
189.922	0.001	189923	Stimulus	S 23
190.496	0.001	190497	Stimulus	S 23
190.753	0.001	190754	Stimulus	S 23
190.953	0.001	190954	Stimulus	S 23
191.622	0.001	191623	Stimulus	S 23
191.818	0.001	191819	Stimulus	S 23
191.979	0.001	191980	Stimulus	S 23
192.171	0.001	192172	Stimulus	S 23
192.357	0.001	192358	Stimulus	S 23
193.316	0.001	193317	Stimulus	S 33
193.837	0.001	193838	Stimulus	S 33
194.703	0.001	194704	Stimulus	S 33
195.364	0.001	195365	Stimulus	S 33
196.047	0.001	196048	Stimulus	S 33
196.682	0.001	196683	Stimulus	S 23
197.212	0.001	197213	Stimulus	S 23
197.49	0.001	197491	Stimulus	S 23
198.053	0.001	198054	Stimulus	S 23
198.318	0.001	198319	Stimulus	S 23
199.954	0.001	199955	Stimulus	S 23
200.605	0.001	200606	Stimulus	S 23
202.347	0.001	202348	Stimulus	S 23
203.094	0.001	203095	Stimulus	S 23
203.916	0.001	203917	Stimulus	S 33
204.361	0.001	204362	Stimulus	S 33
205.137	0.001	205138	Stimulus	S 33
206.323	0.001	206324	Stimulus	S 23
207.026	0.001	207027	Stimulus	S 33
208.088	0.001	208089	Stimulus	S 23
208.845	0.001	208846	Stimulus	S 33
209.609	0.001	209610	Stimulus	S 33
210.615	0.001	210616	Stimulus	S 23
211.427	0.001	211428	Stimulus	S 33
212.078	0.001	212079	Stimulus	S 23
212.77	0.001	212771	Stimulus	S 23
213.588	0.001	213589	Stimulus	S 33
214.302	0.001	214303	Stimulus	S 23
214.821	0.001	214822	Stimulus	S 33
215.548	0.001	215549	Stimulus	S 33
216.626	0.001	216627	Stimulus	S 23
217.588	0.001	217589	Stimulus	S 23
218.428	0.001	218429	Stimulus	S 33
218.981	0.001	218982	Stimulus	S 33
219.609	0.001	219610	Stimulus	S 33
220.249	0.001	220250	Stimulus	S 23
221.403	0.001	221404	Stimulus	S 23
222.02	0.001	222021	Stimulus	S 33
222.899	0.001	222900	Stimulus	S 23
223.364	0.001	223365	Stimulus	S 33
223.892	0.001	223893	Stimulus	S 33
224.164	0.001	224165	Stimulus	S 33
224.902	0.001	224903	Stimulus	S 33
225.729	0.001	225730	Stimulus	S 23
226.76	0.001	226761	Stimulus	S 23
227.854	0.001	227855	Stimulus	S 23
228.378	0.001	228379	Stimulus	S 33
229.207	0.001	229208	Stimulus	S 23
230.258	0.001	230259	Stimulus	S 23
231.769	0.001	231770	Stimulus	S 23
232.462	0.001	232463	Stimulus	S 33
233.552	0.001	233553	Stimulus	S 23
234.33	0.001	234331	Stimulus	S 33
235.313	0.001	235314	Stimulus	S 23
236.041	0.001	236042	Stimulus	S 33
236.922	0.001	236923	Stimulus	S 33
237.837	0.001	237838	Stimulus	S 73
238.847	0.001	238848	Stimulus	S 83
301.853	0.001	301854	Stimulus	S  2
304.096	0.001	304097	Stimulus	S 12
304.425	0.001	304426	Stimulus	S 52
304.473	0.001	304474	Stimulus	S 52
304.983	0.001	304984	Stimulus	S 42
305.007	0.001	305008	Stimulus	S 22
305.248	0.001	305249	Stimulus	S 42
305.376	0.001	305377	Stimulus	S 42
305.642	0.001	305643	Stimulus	S 22
305.779	0.001	305780	Stimulus	S 52
305.89	0.001	305891	Stimulus	S 52
306.186	0.001	306187	Stimulus	S 52
306.387	0.001	306388	Stimulus	S 32
306.707	0.001	306708	Stimulus	S 52
306.851	0.001	306852	Stimulus	S 52
307.302	0.001	307303	Stimulus	S 22
307.623	0.001	307624	Stimulus	S 42
307.807	0.001	307808	Stimulus	S 22
307.824	0.001	307825	Stimulus	S 42
308.019	0.001	308020	Stimulus	S 42
308.115	0.001	308116	Stimulus	S 42
308.38	0.001	308381	Stimulus	S 42
309.154	0.001	309155	Stimulus	S 52
309.338	0.001	309339	Stimulus	S 52
309.644	0.001	309645	Stimulus	S 42
310.688	0.001	310689	Stimulus	S 42
310.848	0.001	310849	Stimulus	S 42
310.969	0.001	310970	Stimulus	S 42
311.346	0.001	311347	Stimulus	S 32
311.764	0.001	311765	Stimulus	S 32
312.037	0.001	312038	Stimulus	S 52
312.285	0.001	312286	Stimulus	S 32
312.518	0.001	312519	Stimulus	S 32
312.706	0.001	312707	Stimulus	S 32
312.894	0.001	312895	Stimulus	S 32
313.077	0.001	313078	Stimulus	S 32
313.126	0.001	313127	Stimulus	S 52
313.246	0.001	313247	Stimulus	S 32
313.409	0.001	313410	Stimulus	S 32
313.573	0.001	313574	Stimulus	S 32
313.746	0.001	313747	Stimulus	S 32
313.931	0.001	313932	Stimulus	S 32
314.126	0.001	314127	Stimulus	S 32
314.216	0.001	314217	Stimulus	S 52
314.312	0.001	314313	Stimulus	S 32
314.336	0.001	314337	Stimulus	S 52
314.488	0.001	314489	Stimulus	S 32
314.668	0.001	314669	Stimulus	S 32
314.841	0.001	314842	Stimulus	S 52
315.262	0.001	315263	Stimulus	S 32
315.437	0.001	315438	Stimulus	S 32
315.606	0.001	315607	Stimulus	S 32
315.767	0.001	315768	Stimulus	S 32
315.792	0.001	315793	Stimulus	S 52
315.944	0.001	315945	Stimulus	S 32
316.747	0.001	316748	Stimulus	S 32
316.86	0.001	316861	Stimulus	S 52
317.3	0.001	317301	Stimulus	S 52
317.95	0.001	317951	Stimulus	S 22
318.127	0.001	318128	Stimulus	S 42
318.415	0.001	318416	Stimulus	S 42
318.735	0.001	318736	Stimulus	S 42
319.011	0.001	319012	Stimulus	S 32
319.061	0.001	319062	Stimulus	S 52
319.149	0.001	319150	Stimulus	S 52
319.886	0.001	319887	Stimulus	S 22
320.095	0.001	320096	Stimulus	S 42
320.608	0.001	320609	Stimulus	S 42
321.082	0.001	321083	Stimulus	S 32
321.867	0.001	321868	Stimulus	S 22
321.957	0.001	321958	Stimulus	S 52
322.199	0.001	322200	Stimulus	S 32
322.377	0.001	322378	Stimulus	S 32
322.539	0.001	322540	Stimulus	S 32
322.74	0.001	322741	Stimulus	S 32
322.912	0.001	322913	Stimulus	S 52
323	0.001	323001	Stimulus	S 52
323.228	0.001	323229	Stimulus	S 42
323.466	0.001	323467	Stimulus	S 22
323.528	0.001	323529	Stimulus	S 42
323.848	0.001	323849	Stimulus	S 42
324.008	0.001	324009	Stimulus	S 42
324.352	0.001	324353	Stimulus	S 42
325.001	0.001	325002	Stimulus	S 32
325.073	0.001	325074	Stimulus	S 42
325.177	0.001	325178	Stimulus	S 42
325.329	0.001	325330	Stimulus	S 52
325.658	0.001	325659	Stimulus	S 32
325.842	0.001	325843	Stimulus	S 52
326.42	0.001	326421	Stimulus	S 22
326.884	0.001	326885	Stimulus	S 42
326.981	0.001	326982	Stimulus	S 22
327.163	0.001	327164	Stimulus	S 42
327.364	0.001	327365	Stimulus	S 42
327.756	0.001	327757	Stimulus	S 42
328.216	0.001	328217	Stimulus	S 42
328.248	0.001	328249	Stimulus	S 42
328.272	0.001	328273	Stimulus	S 42
328.61	0.001	328611	Stimulus	S 32
328.77	0.001	328771	Stimulus	S 52
328.85	0.001	328851	Stimulus	S 52
328.858	0.001	328859	Stimulus	S 32
329.061	0.001	329062	Stimulus	S 32
329.246	0.001	329247	Stimulus	S 52
329.359	0.001	329360	Stimulus	S 52
329.495	0.001	329496	Stimulus	S 42
329.703	0.001	329704	Stimulus	S 22
329.962	0.001	329963	Stimulus	S 42
330.003	0.001	330004	Stimulus	S 42
330.844	0.001	330845	Stimulus	S 22
330.853	0.001	330854	Stimulus	S 42
331.107	0.001	331108	Stimulus	S 22
331.188	0.001	331189	Stimulus	S 42
331.772	0.001	331773	Stimulus	S 52
331.852	0.001	331853	Stimulus	S 32
332.061	0.001	332062	Stimulus	S 52
332.229	0.001	332230	Stimulus	S 52
332.413	0.001	332414	Stimulus	S 52
332.709	0.001	332710	Stimulus	S 22
332.913	0.001	332914	Stimulus	S 42
333.097	0.001	333098	Stimulus	S 42
333.275	0.001	333276	Stimulus	S 22
333.468	0.001	333469	Stimulus	S 22
334.05	0.001	334051	Stimulus	S 42
334.17	0.001	334171	Stimulus	S 22
334.439	0.001	334440	Stimulus	S 22
334.583	0.001	334584	Stimulus	S 42
334.631	0.001	334632	Stimulus	S 42
334.683	0.001	334684	Stimulus	S 42
335.039	0.001	335040	Stimulus	S 32
335.127	0.001	335128	Stimulus	S 52
335.579	0.001	335580	Stimulus	S 52
335.804	0.001	335805	Stimulus	S 32
335.973	0.001	335974	Stimulus	S 32
335.996	0.001	335997	Stimulus	S 52
336.116	0.001	336117	Stimulus	S 52
336.15	0.001	336151	Stimulus	S 32
336.382	0.001	336383	Stimulus	S 52
336.718	0.001	336719	Stimulus	S 22
336.839	0.001	336840	Stimulus	S 42
337.14	0.001	337141	Stimulus	S 42
337.448	0.001	337449	Stimulus	S 22
337.682	0.001	337683	Stimulus	S 22
337.874	0.001	337875	Stimulus	S 22
338.102	0.001	338103	Stimulus	S 22
338.119	0.001	338120	Stimulus	S 42
338.312	0.001	338313	Stimulus	S 22
338.793	0.001	338794	Stimulus	S 42
338.818	0.001	338819	Stimulus	S 22
338.973	0.001	338974	Stimulus	S 42
339.041	0.001	339042	Stimulus	S 22
339.211	0.001	339212	Stimulus	S 22
339.635	0.001	339636	Stimulus	S 22
339.828	0.001	339829	Stimulus	S 22
340.007	0.001	340008	Stimulus	S 22
340.191	0.001	340192	Stimulus	S 22
340.382	0.001	340383	Stimulus	S 22
340.577	0.001	340578	Stimulus	S 22
340.779	0.001	340780	Stimulus	S 22
340.977	0.001	340978	Stimulus	S 42
341.108	0.001	341109	Stimulus	S 42
341.228	0.001	341229	Stimulus	S 22
341.54	0.001	341541	Stimulus	S 42
341.989	0.001	341990	Stimulus	S 42
342.309	0.001	342310	Stimulus	S 42
342.461	0.001	342462	Stimulus	S 42
342.877	0.001	342878	Stimulus	S 42
343.221	0.001	343222	Stimulus	S 42
343.317	0.001	343318	Stimulus	S 32
343.439	0.001	343440	Stimulus	S 42
343.735	0.001	343736	Stimulus	S 42
343.871	0.001	343872	Stimulus	S 32
344.06	0.001	344061	Stimulus	S 32
344.215	0.001	344216	Stimulus	S 52
344.247	0.001	344248	Stimulus	S 32
344.415	0.001	344416	Stimulus	S 32
344.431	0.001	344432	Stimulus	S 52
344.639	0.001	344640	Stimulus	S 52
344.943	0.001	344944	Stimulus	S 22
345.177	0.001	345178	Stimulus	S 22
345.353	0.001	345354	Stimulus	S 42
345.386	0.001	345387	Stimulus	S 22
345.611	0.001	345612	Stimulus	S 22
345.817	0.001	345818	Stimulus	S 22
346.006	0.001	346007	Stimulus	S 22
346.178	0.001	346179	Stimulus	S 22
346.194	0.001	346195	Stimulus	S 42
346.372	0.001	346373	Stimulus	S 22
346.397	0.001	346398	Stimulus	S 42
346.566	0.001	346567	Stimulus	S 22
347.154	0.001	347155	Stimulus	S 22
347.418	0.001	347419	Stimulus	S 22
347.739	0.001	347740	Stimulus	S 42
348.171	0.001	348172	Stimulus	S 22
348.236	0.001	348237	Stimulus	S 42
348.412	0.001	348413	Stimulus	S 22
348.493	0.001	348494	Stimulus	S 42
348.783	0.001	348784	Stimulus	S 42
348.895	0.001	348896	Stimulus	S 42
349.015	0.001	349016	Stimulus	S 42
349.228	0.001	349229	Stimulus	S 32
349.253	0.001	349254	Stimulus	S 52
349.421	0.001	349422	Stimulus	S 32
349.68	0.001	349681	Stimulus	S 32
349.853	0.001	349854	Stimulus	S 32
350.03	0.001	350031	Stimulus	S 32
350.086	0.001	350087	Stimulus	S 52
350.191	0.001	350192	Stimulus	S 32
350.352	0.001	350353	Stimulus	S 32
350.541	0.001	350542	Stimulus	S 52
350.637	0.001	350638	Stimulus	S 52
350.89	0.001	350891	Stimulus	S 22
351.112	0.001	351113	Stimulus	S 22
351.136	0.001	351137	Stimulus	S 42
351.61	0.001	351611	Stimulus	S 22
351.827	0.001	351828	Stimulus	S 22
351.874	0.001	351875	Stimulus	S 42
352.019	0.001	352020	Stimulus	S 22
352.051	0.001	352052	Stimulus	S 42
352.507	0.001	352508	Stimulus	S 42
352.515	0.001	352516	Stimulus	S 32
353.253	0.001	353254	Stimulus	S 32
353.48	0.001	353481	Stimulus	S 32
353.569	0.001	353570	Stimulus	S 52
353.657	0.001	353658	Stimulus	S 52
353.777	0.001	353778	Stimulus	S 52
353.929	0.001	353930	Stimulus	S 42
354.056	0.001	354057	Stimulus	S 22
354.089	0.001	354090	Stimulus	S 42
354.323	0.001	354324	Stimulus	S 22
355.056	0.001	355057	Stimulus	S 22
355.245	0.001	355246	Stimulus	S 42
355.669	0.001	355670	Stimulus	S 42
355.877	0.001	355878	Stimulus	S 52
355.994	0.001	355995	Stimulus	S 32
356.05	0.001	356051	Stimulus	S 42
356.182	0.001	356183	Stimulus	S 42
356.274	0.001	356275	Stimulus	S 42
356.676	0.001	356677	Stimulus	S 22
356.757	0.001	356758	Stimulus	S 32
356.949	0.001	356950	Stimulus	S 32
357.094	0.001	357095	Stimulus	S 32
357.247	0.001	357248	Stimulus	S 32
357.407	0.001	357408	Stimulus	S 32
357.564	0.001	357565	Stimulus	S 32
357.717	0.001	357718	Stimulus	S 32
357.87	0.001	357871	Stimulus	S 32
358.034	0.001	358035	Stimulus	S 32
358.203	0.001	358204	Stimulus	S 32
358.363	0.001	358364	Stimulus	S 32
358.533	0.001	358534	Stimulus	S 32
358.709	0.001	358710	Stimulus	S 32
358.886	0.001	358887	Stimulus	S 32
359.07	0.001	359071	Stimulus	S 32
359.243	0.001	359244	Stimulus	S 32
359.427	0.001	359428	Stimulus	S 32
359.483	0.001	359484	Stimulus	S 52
359.603	0.001	359604	Stimulus	S 32
359.691	0.001	359692	Stimulus	S 52
359.739	0.001	359740	Stimulus	S 52
359.803	0.001	359804	Stimulus	S 32
359.966	0.001	359967	Stimulus	S 52
360.159	0.001	360160	Stimulus	S 52
360.267	0.001	360268	Stimulus	S 62
361.272	0.001	361273	Stimulus	S 82
363.07	0.001	363071	Stimulus	S  3
365.253	0.001	365254	Stimulus	S 13
366.406	0.001	366407	Stimulus	S 33
367.8	0.001	367801	Stimulus	S 23
368.472	0.001	368473	Stimulus	S 23
369.315	0.001	369316	Stimulus	S 23
370.114	0.001	370115	Stimulus	S 23
370.98	0.001	370981	Stimulus	S 23
372.716	0.001	372717	Stimulus	S 23
373.835	0.001	373836	Stimulus	S 23
375.189	0.001	375190	Stimulus	S 23
376.001	0.001	376002	Stimulus	S 23
377.38	0.001	377381	Stimulus	S 23
378.269	0.001	378270	Stimulus	S 33
378.897	0.001	378898	Stimulus	S 33
379.249	0.001	379250	Stimulus	S 33
379.49	0.001	379491	Stimulus	S 33
380.559	0.001	380560	Stimulus	S 23
381.179	0.001	381180	Stimulus	S 23
381.94	0.001	381941	Stimulus	S 23
382.564	0.001	382565	Stimulus	S 23
382.993	0.001	382994	Stimulus	S 23
383.299	0.001	383300	Stimulus	S 23
383.572	0.001	383573	Stimulus	S 23
384.259	0.001	384260	Stimulus	S 23
384.707	0.001	384708	Stimulus	S 23
384.961	0.001	384962	Stimulus	S 23
385.148	0.001	385149	Stimulus	S 23
385.76	0.001	385761	Stimulus	S 23
386.039	0.001	386040	Stimulus	S 23
386.275	0.001	386276	Stimulus	S 23
386.487	0.001	386488	Stimulus	S 23
386.704	0.001	386705	Stimulus	S 23
388.083	0.001	388084	Stimulus	S 23
388.319	0.001	388320	Stimulus	S 23
389.603	0.001	389604	Stimulus	S 33
390.968	0.001	390969	Stimulus	S 33
391.626	0.001	391627	Stimulus	S 23
392.732	0.001	392733	Stimulus	S 33
393.55	0.001	393551	Stimulus	S 23
394.398	0.001	394399	Stimulus	S 33
395.175	0.001	395176	Stimulus	S 23
396.217	0.001	396218	Stimulus	S 33
396.698	0.001	396699	Stimulus	S 23
397.275	0.001	397276	Stimulus	S 23
397.569	0.001	397570	Stimulus	S 23
398.147	0.001	398148	Stimulus	S 33
398.91	0.001	398911	Stimulus	S 33
399.439	0.001	399440	Stimulus	S 33
400.199	0.001	400200	Stimulus	S 33
401.755	0.001	401756	Stimulus	S 33
402.5	0.001	402501	Stimulus	S 23
405.904	0.001	405905	Stimulus	S 33
407.559	0.001	407560	Stimulus	S 23
409.804	0.001	409805	Stimulus	S 23
410.791	0.001	410792	Stimulus	S 33
412.225	0.001	412226	Stimulus	S 33
413.583	0.001	413584	Stimulus	S 23
414.092	0.001	414093	Stimulus	S 33
414.494	0.001	414495	Stimulus	S 33
414.903	0.001	414904	Stimulus	S 33
415.096	0.001	415097	Stimulus	S 33
415.28	0.001	415281	Stimulus	S 33
416.131	0.001	416132	Stimulus	S 33
416.44	0.001	416441	Stimulus	S 33
417.902	0.001	417903	Stimulus	S 23
418.787	0.001	418788	Stimulus	S 23
420.543	0.001	420544	Stimulus	S 33
421.076	0.001	421077	Stimulus	S 23
421.601	0.001	421602	Stimulus	S 23
421.908	0.001	421909	Stimulus	S 23
423.536	0.001	423537	Stimulus	S 33
424.125	0.001	424126	Stimulus	S 23
424.646	0.001	424647	Stimulus	S 23
425.1	0.001	425101	Stimulus	S 23
425.333	0.001	425334	Stimulus	S 73
426.339	0.001	426340	Stimulus	S 83
428.644	0.001	428645	Stimulus	S  4
438.2	0.001	438201	Stimulus	S 14
439.206	0.001	439207	Stimulus	S 54
439.391	0.001	439392	Stimulus	S 34
440.031	0.001	440032	Stimulus	S 44
440.087	0.001	440088	Stimulus	S 24
440.499	0.001	440500	Stimulus	S 44
440.515	0.001	440516	Stimulus	S 44
440.619	0.001	440620	Stimulus	S 24
440.716	0.001	440717	Stimulus	S 44
441.268	0.001	441269	Stimulus	S 34
441.579	0.001	441580	Stimulus	S 34
441.588	0.001	441589	Stimulus	S 54
441.788	0.001	441789	Stimulus	S 34
441.996	0.001	441997	Stimulus	S 34
442.005	0.001	442006	Stimulus	S 54
442.173	0.001	442174	Stimulus	S 34
442.373	0.001	442374	Stimulus	S 34
442.397	0.001	442398	Stimulus	S 54
442.557	0.001	442558	Stimulus	S 34
442.677	0.001	442678	Stimulus	S 54
442.741	0.001	442742	Stimulus	S 34
442.823	0.001	442824	Stimulus	S 54
442.928	0.001	442929	Stimulus	S 34
443.108	0.001	443109	Stimulus	S 34
443.252	0.001	443253	Stimulus	S 54
443.294	0.001	443295	Stimulus	S 54
443.831	0.001	443832	Stimulus	S 54
443.847	0.001	443848	Stimulus	S 54
443.943	0.001	443944	Stimulus	S 54
444.256	0.001	444257	Stimulus	S 24
444.411	0.001	444412	Stimulus	S 44
444.544	0.001	444545	Stimulus	S 24
444.641	0.001	444642	Stimulus	S 44
444.754	0.001	444755	Stimulus	S 24
444.98	0.001	444981	Stimulus	S 24
445.068	0.001	445069	Stimulus	S 44
445.197	0.001	445198	Stimulus	S 24
445.745	0.001	445746	Stimulus	S 24
445.858	0.001	445859	Stimulus	S 44
445.995	0.001	445996	Stimulus	S 24
446.181	0.001	446182	Stimulus	S 24
446.368	0.001	446369	Stimulus	S 24
446.433	0.001	446434	Stimulus	S 44
446.546	0.001	446547	Stimulus	S 24
446.746	0.001	446747	Stimulus	S 24
446.945	0.001	446946	Stimulus	S 44
447.189	0.001	447190	Stimulus	S 24
447.366	0.001	447367	Stimulus	S 44
447.407	0.001	447408	Stimulus	S 24
447.608	0.001	447609	Stimulus	S 24
447.805	0.001	447806	Stimulus	S 24
447.998	0.001	447999	Stimulus	S 24
448.175	0.001	448176	Stimulus	S 24
448.272	0.001	448273	Stimulus	S 44
448.344	0.001	448345	Stimulus	S 24
448.522	0.001	448523	Stimulus	S 24
448.803	0.001	448804	Stimulus	S 44
448.867	0.001	448868	Stimulus	S 24
448.9	0.001	448901	Stimulus	S 44
449.134	0.001	449135	Stimulus	S 44
449.206	0.001	449207	Stimulus	S 44
449.618	0.001	449619	Stimulus	S 34
449.73	0.001	449731	Stimulus	S 44
449.778	0.001	449779	Stimulus	S 44
450.151	0.001	450152	Stimulus	S 54
450.167	0.001	450168	Stimulus	S 34
450.28	0.001	450281	Stimulus	S 54
450.408	0.001	450409	Stimulus	S 34
450.9	0.001	450901	Stimulus	S 54
451.636	0.001	451637	Stimulus	S 54
451.971	0.001	451972	Stimulus	S 24
452.689	0.001	452690	Stimulus	S 44
452.761	0.001	452762	Stimulus	S 44
452.842	0.001	452843	Stimulus	S 24
453.155	0.001	453156	Stimulus	S 54
453.219	0.001	453220	Stimulus	S 34
453.691	0.001	453692	Stimulus	S 34
453.906	0.001	453907	Stimulus	S 34
454.106	0.001	454107	Stimulus	S 34
454.362	0.001	454363	Stimulus	S 54
454.434	0.001	454435	Stimulus	S 54
454.814	0.001	454815	Stimulus	S 54
455.21	0.001	455211	Stimulus	S 54
455.49	0.001	455491	Stimulus	S 44
455.571	0.001	455572	Stimulus	S 24
455.651	0.001	455652	Stimulus	S 44
456.289	0.001	456290	Stimulus	S 44
456.675	0.001	456676	Stimulus	S 34
457.255	0.001	457256	Stimulus	S 34
457.311	0.001	457312	Stimulus	S 54
457.583	0.001	457584	Stimulus	S 54
457.984	0.001	457985	Stimulus	S 24
458.49	0.001	458491	Stimulus	S 44
458.588	0.001	458589	Stimulus	S 24
458.846	0.001	458847	Stimulus	S 44
459.142	0.001	459143	Stimulus	S 44
459.158	0.001	459159	Stimulus	S 44
459.191	0.001	459192	Stimulus	S 44
459.297	0.001	459298	Stimulus	S 34
459.715	0.001	459716	Stimulus	S 34
459.78	0.001	459781	Stimulus	S 54
459.892	0.001	459893	Stimulus	S 54
459.909	0.001	459910	Stimulus	S 34
460.102	0.001	460103	Stimulus	S 34
460.723	0.001	460724	Stimulus	S 34
460.884	0.001	460885	Stimulus	S 34
461.31	0.001	461311	Stimulus	S 34
461.495	0.001	461496	Stimulus	S 34
461.688	0.001	461689	Stimulus	S 34
462.011	0.001	462012	Stimulus	S 54
462.48	0.001	462481	Stimulus	S 24
462.625	0.001	462626	Stimulus	S 54
462.708	0.001	462709	Stimulus	S 44
463.007	0.001	463008	Stimulus	S 24
463.024	0.001	463025	Stimulus	S 44
463.496	0.001	463497	Stimulus	S 34
463.537	0.001	463538	Stimulus	S 54
463.969	0.001	463970	Stimulus	S 44
464.04	0.001	464041	Stimulus	S 24
464.153	0.001	464154	Stimulus	S 44
464.277	0.001	464278	Stimulus	S 54
464.517	0.001	464518	Stimulus	S 34
464.734	0.001	464735	Stimulus	S 54
464.978	0.001	464979	Stimulus	S 34
465.349	0.001	465350	Stimulus	S 24
465.87	0.001	465871	Stimulus	S 24
465.929	0.001	465930	Stimulus	S 44
466.048	0.001	466049	Stimulus	S 24
466.688	0.001	466689	Stimulus	S 44
466.944	0.001	466945	Stimulus	S 44
467.024	0.001	467025	Stimulus	S 34
467.477	0.001	467478	Stimulus	S 54
467.605	0.001	467606	Stimulus	S 34
467.686	0.001	467687	Stimulus	S 54
467.878	0.001	467879	Stimulus	S 54
467.918	0.001	467919	Stimulus	S 54
468.166	0.001	468167	Stimulus	S 44
468.246	0.001	468247	Stimulus	S 24
468.592	0.001	468593	Stimulus	S 34
468.658	0.001	468659	Stimulus	S 44
468.804	0.001	468805	Stimulus	S 34
468.893	0.001	468894	Stimulus	S 44
468.925	0.001	468926	Stimulus	S 44
468.962	0.001	468963	Stimulus	S 44
468.971	0.001	468972	Stimulus	S 34
469.003	0.001	469004	Stimulus	S 44
469.131	0.001	469132	Stimulus	S 34
469.22	0.001	469221	Stimulus	S 44
469.284	0.001	469285	Stimulus	S 34
469.438	0.001	469439	Stimulus	S 34
469.599	0.001	469600	Stimulus	S 34
469.639	0.001	469640	Stimulus	S 44
469.763	0.001	469764	Stimulus	S 34
469.936	0.001	469937	Stimulus	S 34
470.078	0.001	470079	Stimulus	S 64
471.09	0.001	471091	Stimulus	S 84
472.75	0.001	472751	Stimulus	S  2
476.231	0.001	476232	Stimulus	S 12
476.723	0.001	476724	Stimulus	S 42
477.086	0.001	477087	Stimulus	S 52
477.198	0.001	477199	Stimulus	S 22
477.422	0.001	477423	Stimulus	S 52
477.583	0.001	477584	Stimulus	S 52
477.659	0.001	477660	Stimulus	S 52
477.758	0.001	477759	Stimulus	S 52
478.003	0.001	478004	Stimulus	S 32
478.167	0.001	478168	Stimulus	S 22
478.431	0.001	478432	Stimulus	S 22
478.504	0.001	478505	Stimulus	S 42
478.536	0.001	478537	Stimulus	S 42
478.6	0.001	478601	Stimulus	S 22
478.776	0.001	478777	Stimulus	S 22
478.784	0.001	478785	Stimulus	S 42
479.013	0.001	479014	Stimulus	S 22
479.102	0.001	479103	Stimulus	S 42
479.214	0.001	479215	Stimulus	S 22
479.222	0.001	479223	Stimulus	S 42
479.502	0.001	479503	Stimulus	S 42
479.878	0.001	479879	Stimulus	S 42
480.062	0.001	480063	Stimulus	S 42
480.182	0.001	480183	Stimulus	S 42
480.302	0.001	480303	Stimulus	S 42
480.607	0.001	480608	Stimulus	S 32
480.807	0.001	480808	Stimulus	S 32
480.855	0.001	480856	Stimulus	S 52
480.991	0.001	480992	Stimulus	S 32
481.184	0.001	481185	Stimulus	S 32
481.233	0.001	481234	Stimulus	S 52
481.402	0.001	481403	Stimulus	S 32
481.526	0.001	481527	Stimulus	S 52
481.574	0.001	481575	Stimulus	S 52
481.914	0.001	481915	Stimulus	S 22
482.262	0.001	482263	Stimulus	S 42
482.432	0.001	482433	Stimulus	S 22
482.651	0.001	482652	Stimulus	S 42
482.955	0.001	482956	Stimulus	S 42
482.995	0.001	482996	Stimulus	S 42
483.243	0.001	483244	Stimulus	S 42
483.548	0.001	483549	Stimulus	S 32
483.565	0.001	483566	Stimulus	S 52
484.19	0.001	484191	Stimulus	S 32
484.363	0.001	484364	Stimulus	S 32
484.471	0.001	484472	Stimulus	S 52
484.543	0.001	484544	Stimulus	S 32
484.779	0.001	484780	Stimulus	S 52
484.824	0.001	484825	Stimulus	S 52
485.267	0.001	485268	Stimulus	S 52
485.451	0.001	485452	Stimulus	S 52
485.492	0.001	485493	Stimulus	S 52
485.771	0.001	485772	Stimulus	S 22
485.843	0.001	485844	Stimulus	S 42
485.994	0.001	485995	Stimulus	S 22
486.018	0.001	486019	Stimulus	S 42
486.09	0.001	486091	Stimulus	S 42
486.269	0.001	486270	Stimulus	S 42
486.568	0.001	486569	Stimulus	S 52
486.656	0.001	486657	Stimulus	S 32
487.011	0.001	487012	Stimulus	S 52
487.312	0.001	487313	Stimulus	S 52
487.6	0.001	487601	Stimulus	S 22
487.737	0.001	487738	Stimulus	S 42
487.77	0.001	487771	Stimulus	S 42
488.206	0.001	488207	Stimulus	S 32
488.44	0.001	488441	Stimulus	S 32
488.505	0.001	488506	Stimulus	S 52
488.619	0.001	488620	Stimulus	S 52
488.643	0.001	488644	Stimulus	S 32
488.716	0.001	488717	Stimulus	S 52
488.732	0.001	488733	Stimulus	S 52
488.756	0.001	488757	Stimulus	S 52
489.157	0.001	489158	Stimulus	S 22
489.449	0.001	489450	Stimulus	S 22
489.635	0.001	489636	Stimulus	S 22
489.819	0.001	489820	Stimulus	S 22
489.987	0.001	489988	Stimulus	S 22
490.164	0.001	490165	Stimulus	S 22
490.357	0.001	490358	Stimulus	S 22
490.542	0.001	490543	Stimulus	S 22
490.606	0.001	490607	Stimulus	S 42
490.727	0.001	490728	Stimulus	S 22
490.92	0.001	490921	Stimulus	S 22
491	0.001	491001	Stimulus	S 42
491.121	0.001	491122	Stimulus	S 22
491.346	0.001	491347	Stimulus	S 22
491.498	0.001	491499	Stimulus	S 42
491.547	0.001	491548	Stimulus	S 22
491.598	0.001	491599	Stimulus	S 62
492.605	0.001	492606	Stimulus	S 82
500.256	0.001	500257	Stimulus	S  1
503.722	0.001	503723	Stimulus	S 11
505.09	0.001	505091	Stimulus	S 21
506.907	0.001	506908	Stimulus	S 21
508.286	0.001	508287	Stimulus	S 31
510.287	0.001	510288	Stimulus	S 31
511.227	0.001	511228	Stimulus	S 31
514.621	0.001	514622	Stimulus	S 31
516.931	0.001	516932	Stimulus	S 21
519.172	0.001	519173	Stimulus	S 21
520.667	0.001	520668	Stimulus	S 21
521.774	0.001	521775	Stimulus	S 31
522.478	0.001	522479	Stimulus	S 31
523.433	0.001	523434	Stimulus	S 31
524.142	0.001	524143	Stimulus	S 31
524.376	0.001	524377	Stimulus	S 31
525.003	0.001	525004	Stimulus	S 31
525.208	0.001	525209	Stimulus	S 31
526.949	0.001	526950	Stimulus	S 31
528.374	0.001	528375	Stimulus	S 31
530.672	0.001	530673	Stimulus	S 31
531.693	0.001	531694	Stimulus	S 21
532.39	0.001	532391	Stimulus	S 31
532.934	0.001	532935	Stimulus	S 31
533.528	0.001	533529	Stimulus	S 31
535.19	0.001	535191	Stimulus	S 31
536.738	0.001	536739	Stimulus	S 31
537.848	0.001	537849	Stimulus	S 21
539.044	0.001	539045	Stimulus	S 31
540.084	0.001	540085	Stimulus	S 21
541.071	0.001	541072	Stimulus	S 31
541.979	0.001	541980	Stimulus	S 31
542.796	0.001	542797	Stimulus	S 21
543.384	0.001	543385	Stimulus	S 31
544.892	0.001	544893	Stimulus	S 21
546.417	0.001	546418	Stimulus	S 21
548.167	0.001	548168	Stimulus	S 21
550.452	0.001	550453	Stimulus	S 21
551.205	0.001	551206	Stimulus	S 21
552.208	0.001	552209	Stimulus	S 31
553.943	0.001	553944	Stimulus	S 31
554.605	0.001	554606	Stimulus	S 21
555.193	0.001	555194	Stimulus	S 21
556.099	0.001	556100	Stimulus	S 31
558.004	0.001	558005	Stimulus	S 21
558.604	0.001	558605	Stimulus	S 31
559.333	0.001	559334	Stimulus	S 31
562.729	0.001	562730	Stimulus	S 31
563.795	0.001	563796	Stimulus	S 71
564.8	0.001	564801	Stimulus	S 81
567.304	0.001	567305	Stimulus	S  2
569.494	0.001	569495	Stimulus	S 12
570.199	0.001	570200	Stimulus	S 42
570.223	0.001	570224	Stimulus	S 42
570.239	0.001	570240	Stimulus	S 42
570.667	0.001	570668	Stimulus	S 32
570.919	0.001	570920	Stimulus	S 52
570.946	0.001	570947	Stimulus	S 52
571.051	0.001	571052	Stimulus	S 32
571.215	0.001	571216	Stimulus	S 32
571.399	0.001	571400	Stimulus	S 32
571.559	0.001	571560	Stimulus	S 32
571.688	0.001	571689	Stimulus	S 52
571.736	0.001	571737	Stimulus	S 32
571.896	0.001	571897	Stimulus	S 32
572.056	0.001	572057	Stimulus	S 32
572.216	0.001	572217	Stimulus	S 32
572.385	0.001	572386	Stimulus	S 32
572.537	0.001	572538	Stimulus	S 52
572.545	0.001	572546	Stimulus	S 32
572.722	0.001	572723	Stimulus	S 32
572.887	0.001	572888	Stimulus	S 32
573.064	0.001	573065	Stimulus	S 32
573.257	0.001	573258	Stimulus	S 32
573.433	0.001	573434	Stimulus	S 32
573.601	0.001	573602	Stimulus	S 32
573.665	0.001	573666	Stimulus	S 52
573.729	0.001	573730	Stimulus	S 52
573.785	0.001	573786	Stimulus	S 32
573.921	0.001	573922	Stimulus	S 52
573.953	0.001	573954	Stimulus	S 32
574.129	0.001	574130	Stimulus	S 32
574.339	0.001	574340	Stimulus	S 32
574.522	0.001	574523	Stimulus	S 52
574.571	0.001	574572	Stimulus	S 32
574.787	0.001	574788	Stimulus	S 52
574.947	0.001	574948	Stimulus	S 52
575.015	0.001	575016	Stimulus	S 52
575.481	0.001	575482	Stimulus	S 52
576.048	0.001	576049	Stimulus	S 52
576.112	0.001	576113	Stimulus	S 22
576.477	0.001	576478	Stimulus	S 52
576.979	0.001	576980	Stimulus	S 22
577.715	0.001	577716	Stimulus	S 22
577.731	0.001	577732	Stimulus	S 42
578.548	0.001	578549	Stimulus	S 32
579.009	0.001	579010	Stimulus	S 32
579.203	0.001	579204	Stimulus	S 52
579.347	0.001	579348	Stimulus	S 52
579.548	0.001	579549	Stimulus	S 52
579.724	0.001	579725	Stimulus	S 22
580.064	0.001	580065	Stimulus	S 22
580.324	0.001	580325	Stimulus	S 22
580.548	0.001	580549	Stimulus	S 22
580.776	0.001	580777	Stimulus	S 22
580.948	0.001	580949	Stimulus	S 22
581.68	0.001	581681	Stimulus	S 22
581.809	0.001	581810	Stimulus	S 42
581.913	0.001	581914	Stimulus	S 22
582.63	0.001	582631	Stimulus	S 42
583.078	0.001	583079	Stimulus	S 22
583.326	0.001	583327	Stimulus	S 32
583.5	0.001	583501	Stimulus	S 52
583.517	0.001	583518	Stimulus	S 32
583.612	0.001	583613	Stimulus	S 52
583.66	0.001	583661	Stimulus	S 52
584.304	0.001	584305	Stimulus	S 22
584.835	0.001	584836	Stimulus	S 42
585.323	0.001	585324	Stimulus	S 32
586.017	0.001	586018	Stimulus	S 32
586.178	0.001	586179	Stimulus	S 52
586.612	0.001	586613	Stimulus	S 22
586.924	0.001	586925	Stimulus	S 42
586.984	0.001	586985	Stimulus	S 42
587.12	0.001	587121	Stimulus	S 42
587.128	0.001	587129	Stimulus	S 22
587.541	0.001	587542	Stimulus	S 32
587.846	0.001	587847	Stimulus	S 32
587.91	0.001	587911	Stimulus	S 52
588.03	0.001	588031	Stimulus	S 52
588.046	0.001	588047	Stimulus	S 32
588.222	0.001	588223	Stimulus	S 32
588.382	0.001	588383	Stimulus	S 32
588.985	0.001	588986	Stimulus	S 52
589.299	0.001	589300	Stimulus	S 52
589.479	0.001	589480	Stimulus	S 52
589.599	0.001	589600	Stimulus	S 42
589.735	0.001	589736	Stimulus	S 22
589.968	0.001	589969	Stimulus	S 22
590.412	0.001	590413	Stimulus	S 22
590.622	0.001	590623	Stimulus	S 22
591.066	0.001	591067	Stimulus	S 42
591.139	0.001	591140	Stimulus	S 22
591.357	0.001	591358	Stimulus	S 22
591.552	0.001	591553	Stimulus	S 42
591.584	0.001	591585	Stimulus	S 42
591.848	0.001	591849	Stimulus	S 42
592.373	0.001	592374	Stimulus	S 32
592.511	0.001	592512	Stimulus	S 42
592.671	0.001	592672	Stimulus	S 42
592.895	0.001	592896	Stimulus	S 32
593.108	0.001	593109	Stimulus	S 52
593.348	0.001	593349	Stimulus	S 32
593.988	0.001	593989	Stimulus	S 42
594.02	0.001	594021	Stimulus	S 22
594.601	0.001	594602	Stimulus	S 52
594.778	0.001	594779	Stimulus	S 32
595.221	0.001	595222	Stimulus	S 22
595.79	0.001	595791	Stimulus	S 22
596.06	0.001	596061	Stimulus	S 42
596.389	0.001	596390	Stimulus	S 42
596.656	0.001	596657	Stimulus	S 32
597.07	0.001	597071	Stimulus	S 52
597.262	0.001	597263	Stimulus	S 32
597.398	0.001	597399	Stimulus	S 52
597.865	0.001	597866	Stimulus	S 52
597.937	0.001	597938	Stimulus	S 52
598.153	0.001	598154	Stimulus	S 22
598.583	0.001	598584	Stimulus	S 22
598.768	0.001	598769	Stimulus	S 22
598.776	0.001	598777	Stimulus	S 42
598.954	0.001	598955	Stimulus	S 22
599.147	0.001	599148	Stimulus	S 22
599.379	0.001	599380	Stimulus	S 42
599.864	0.001	599865	Stimulus	S 32
600.528	0.001	600529	Stimulus	S 42
600.641	0.001	600642	Stimulus	S 22
600.886	0.001	600887	Stimulus	S 42
600.918	0.001	600919	Stimulus	S 42
601.23	0.001	601231	Stimulus	S 32
601.558	0.001	601559	Stimulus	S 32
601.839	0.001	601840	Stimulus	S 32
602.048	0.001	602049	Stimulus	S 32
602.193	0.001	602194	Stimulus	S 32
602.345	0.001	602346	Stimulus	S 32
602.506	0.001	602507	Stimulus	S 32
602.669	0.001	602670	Stimulus	S 32
602.822	0.001	602823	Stimulus	S 32
602.926	0.001	602927	Stimulus	S 52
602.974	0.001	602975	Stimulus	S 32
603.238	0.001	603239	Stimulus	S 52
604.079	0.001	604080	Stimulus	S 32
604.296	0.001	604297	Stimulus	S 32
604.377	0.001	604378	Stimulus	S 52
604.433	0.001	604434	Stimulus	S 52
605.135	0.001	605136	Stimulus	S 22
605.565	0.001	605566	Stimulus	S 52
605.589	0.001	605590	Stimulus	S 52
605.877	0.001	605878	Stimulus	S 32
605.902	0.001	605903	Stimulus	S 42
606.201	0.001	606202	Stimulus	S 42
606.225	0.001	606226	Stimulus	S 22
606.37	0.001	606371	Stimulus	S 42
606.458	0.001	606459	Stimulus	S 22
607.253	0.001	607254	Stimulus	S 42
607.269	0.001	607270	Stimulus	S 22
607.49	0.001	607491	Stimulus	S 42
608.014	0.001	608015	Stimulus	S 32
608.508	0.001	608509	Stimulus	S 32
608.558	0.001	608559	Stimulus	S 52
608.746	0.001	608747	Stimulus	S 32
609.18	0.001	609181	Stimulus	S 22
609.245	0.001	609246	Stimulus	S 42
609.872	0.001	609873	Stimulus	S 42
609.939	0.001	609940	Stimulus	S 22
610.341	0.001	610342	Stimulus	S 32
610.795	0.001	610796	Stimulus	S 32
611.028	0.001	611029	Stimulus	S 32
611.228	0.001	611229	Stimulus	S 32
611.533	0.001	611534	Stimulus	S 52
611.806	0.001	611807	Stimulus	S 52
612.553	0.001	612554	Stimulus	S 52
612.753	0.001	612754	Stimulus	S 52
613.01	0.001	613011	Stimulus	S 22
613.22	0.001	613221	Stimulus	S 22
613.352	0.001	613353	Stimulus	S 42
613.952	0.001	613953	Stimulus	S 32
614.099	0.001	614100	Stimulus	S 52
614.357	0.001	614358	Stimulus	S 42
614.449	0.001	614450	Stimulus	S 22
615.009	0.001	615010	Stimulus	S 42
615.105	0.001	615106	Stimulus	S 42
615.154	0.001	615155	Stimulus	S 22
615.251	0.001	615252	Stimulus	S 42
615.56	0.001	615561	Stimulus	S 32
615.913	0.001	615914	Stimulus	S 32
616.122	0.001	616123	Stimulus	S 52
616.147	0.001	616148	Stimulus	S 32
616.229	0.001	616230	Stimulus	S 52
616.312	0.001	616313	Stimulus	S 32
616.457	0.001	616458	Stimulus	S 32
616.571	0.001	616572	Stimulus	S 52
616.995	0.001	616996	Stimulus	S 52
617.131	0.001	617132	Stimulus	S 52
617.34	0.001	617341	Stimulus	S 22
617.677	0.001	617678	Stimulus	S 42
617.821	0.001	617822	Stimulus	S 42
617.885	0.001	617886	Stimulus	S 22
618.059	0.001	618060	Stimulus	S 42
618.308	0.001	618309	Stimulus	S 32
618.468	0.001	618469	Stimulus	S 52
618.704	0.001	618705	Stimulus	S 52
618.813	0.001	618814	Stimulus	S 32
618.933	0.001	618934	Stimulus	S 52
618.981	0.001	618982	Stimulus	S 52
619.293	0.001	619294	Stimulus	S 22
619.639	0.001	619640	Stimulus	S 22
619.688	0.001	619689	Stimulus	S 42
619.728	0.001	619729	Stimulus	S 42
619.875	0.001	619876	Stimulus	S 22
620.852	0.001	620853	Stimulus	S 42
620.98	0.001	620981	Stimulus	S 42
621.485	0.001	621486	Stimulus	S 32
621.92	0.001	621921	Stimulus	S 52
621.992	0.001	621993	Stimulus	S 32
622.153	0.001	622154	Stimulus	S 52
622.514	0.001	622515	Stimulus	S 42
622.762	0.001	622763	Stimulus	S 22
622.876	0.001	622877	Stimulus	S 52
623.422	0.001	623423	Stimulus	S 52
623.765	0.001	623766	Stimulus	S 32
623.893	0.001	623894	Stimulus	S 42
624.045	0.001	624046	Stimulus	S 22
624.537	0.001	624538	Stimulus	S 22
624.793	0.001	624794	Stimulus	S 22
624.89	0.001	624891	Stimulus	S 42
624.965	0.001	624966	Stimulus	S 42
625.022	0.001	625023	Stimulus	S 22
625.421	0.001	625422	Stimulus	S 42
625.445	0.001	625446	Stimulus	S 32
625.541	0.001	625542	Stimulus	S 42
625.805	0.001	625806	Stimulus	S 32
626.001	0.001	626002	Stimulus	S 32
626.196	0.001	626197	Stimulus	S 32
626.413	0.001	626414	Stimulus	S 32
626.615	0.001	626616	Stimulus	S 32
626.808	0.001	626809	Stimulus	S 32
626.977	0.001	626978	Stimulus	S 32
627.169	0.001	627170	Stimulus	S 32
627.331	0.001	627332	Stimulus	S 32
627.495	0.001	627496	Stimulus	S 32
627.663	0.001	627664	Stimulus	S 32
627.687	0.001	627688	Stimulus	S 52
627.84	0.001	627841	Stimulus	S 32
628.009	0.001	628010	Stimulus	S 32
628.189	0.001	628190	Stimulus	S 32
628.43	0.001	628431	Stimulus	S 52
629.317	0.001	629318	Stimulus	S 52
629.429	0.001	629430	Stimulus	S 32
629.438	0.001	629439	Stimulus	S 52
629.563	0.001	629564	Stimulus	S 72
630.571	0.001	630572	Stimulus	S 82
634.145	0.001	634146	Stimulus	S  4
635.741	0.001	635742	Stimulus	S 14
635.88	0.001	635881	Stimulus	S 44
636.034	0.001	636035	Stimulus	S 44
636.194	0.001	636195	Stimulus	S 54
636.347	0.001	636348	Stimulus	S 54
636.404	0.001	636405	Stimulus	S 34
637.27	0.001	637271	Stimulus	S 54
637.326	0.001	637327	Stimulus	S 54
637.494	0.001	637495	Stimulus	S 34
637.559	0.001	637560	Stimulus	S 54
637.82	0.001	637821	Stimulus	S 24
637.892	0.001	637893	Stimulus	S 44
638.054	0.001	638055	Stimulus	S 24
638.469	0.001	638470	Stimulus	S 24
638.686	0.001	638687	Stimulus	S 24
638.896	0.001	638897	Stimulus	S 24
639.102	0.001	639103	Stimulus	S 24
639.111	0.001	639112	Stimulus	S 44
639.288	0.001	639289	Stimulus	S 44
639.296	0.001	639297	Stimulus	S 24
639.504	0.001	639505	Stimulus	S 24
639.768	0.001	639769	Stimulus	S 24
639.992	0.001	639993	Stimulus	S 24
640.188	0.001	640189	Stimulus	S 24
640.381	0.001	640382	Stimulus	S 24
640.557	0.001	640558	Stimulus	S 24
640.702	0.001	640703	Stimulus	S 24
640.869	0.001	640870	Stimulus	S 24
641.069	0.001	641070	Stimulus	S 24
641.261	0.001	641262	Stimulus	S 44
641.269	0.001	641270	Stimulus	S 24
641.353	0.001	641354	Stimulus	S 64
642.359	0.001	642360	Stimulus	S 84
643.199	0.001	643200	Stimulus	S  1
644.426	0.001	644427	Stimulus	S 11
645.516	0.001	645517	Stimulus	S 31
646.394	0.001	646395	Stimulus	S 21
647.438	0.001	647439	Stimulus	S 31
648.286	0.001	648287	Stimulus	S 21
649.304	0.001	649305	Stimulus	S 31
651.629	0.001	651630	Stimulus	S 21
652.064	0.001	652065	Stimulus	S 31
654.263	0.001	654264	Stimulus	S 21
655.505	0.001	655506	Stimulus	S 21
656.502	0.001	656503	Stimulus	S 21
657.151	0.001	657152	Stimulus	S 21
657.384	0.001	657385	Stimulus	S 21
658.473	0.001	658474	Stimulus	S 21
659.645	0.001	659646	Stimulus	S 31
660.627	0.001	660628	Stimulus	S 21
662.107	0.001	662108	Stimulus	S 31
662.694	0.001	662695	Stimulus	S 21
664.49	0.001	664491	Stimulus	S 21
665.383	0.001	665384	Stimulus	S 31
666.114	0.001	666115	Stimulus	S 21
666.79	0.001	666791	Stimulus	S 31
669.78	0.001	669781	Stimulus	S 31
670.424	0.001	670425	Stimulus	S 21
672.597	0.001	672598	Stimulus	S 31
675.184	0.001	675185	Stimulus	S 21
676.706	0.001	676707	Stimulus	S 31
677.355	0.001	677356	Stimulus	S 21
678.53	0.001	678531	Stimulus	S 31
679.18	0.001	679181	Stimulus	S 31
681.054	0.001	681055	Stimulus	S 31
682	0.001	682001	Stimulus	S 21
684.613	0.001	684614	Stimulus	S 21
686.351	0.001	686352	Stimulus	S 31
686.972	0.001	686973	Stimulus	S 21
687.877	0.001	687878	Stimulus	S 21
689.5	0.001	689501	Stimulus	S 31
690.106	0.001	690107	Stimulus	S 21
690.861	0.001	690862	Stimulus	S 21
691.565	0.001	691566	Stimulus	S 21
692.768	0.001	692769	Stimulus	S 21
694.164	0.001	694165	Stimulus	S 21
695.008	0.001	695009	Stimulus	S 31
695.485	0.001	695486	Stimulus	S 31
696.281	0.001	696282	Stimulus	S 21
696.914	0.001	696915	Stimulus	S 31
700.522	0.001	700523	Stimulus	S 21
701.782	0.001	701783	Stimulus	S 31
702.646	0.001	702647	Stimulus	S 21
703.932	0.001	703933	Stimulus	S 21
704.498	0.001	704499	Stimulus	S 71
705.508	0.001	705509	Stimulus	S 81
707.025	0.001	707026	Stimulus	S  3
708.988	0.001	708989	Stimulus	S 13
710.078	0.001	710079	Stimulus	S 33
711.043	0.001	711044	Stimulus	S 23
711.678	0.001	711679	Stimulus	S 23
712.918	0.001	712919	Stimulus	S 23
717.028	0.001	717029	Stimulus	S 23
718.212	0.001	718213	Stimulus	S 23
718.854	0.001	718855	Stimulus	S 23
719.126	0.001	719127	Stimulus	S 23
719.824	0.001	719825	Stimulus	S 33
720.413	0.001	720414	Stimulus	S 33
721.409	0.001	721410	Stimulus	S 33
722.162	0.001	722163	Stimulus	S 33
722.697	0.001	722698	Stimulus	S 33
726.813	0.001	726814	Stimulus	S 33
727.896	0.001	727897	Stimulus	S 23
728.553	0.001	728554	Stimulus	S 23
729.205	0.001	729206	Stimulus	S 23
729.638	0.001	729639	Stimulus	S 23
730.582	0.001	730583	Stimulus	S 23
730.994	0.001	730995	Stimulus	S 23
731.294	0.001	731295	Stimulus	S 23
734.016	0.001	734017	Stimulus	S 33
734.552	0.001	734553	Stimulus	S 33
735.013	0.001	735014	Stimulus	S 33
735.213	0.001	735214	Stimulus	S 33
735.981	0.001	735982	Stimulus	S 33
736.863	0.001	736864	Stimulus	S 33
737.769	0.001	737770	Stimulus	S 23
738.731	0.001	738732	Stimulus	S 33
741.006	0.001	741007	Stimulus	S 23
741.613	0.001	741614	Stimulus	S 33
742.294	0.001	742295	Stimulus	S 33
743.086	0.001	743087	Stimulus	S 33
743.754	0.001	743755	Stimulus	S 23
744.678	0.001	744679	Stimulus	S 23
745.445	0.001	745446	Stimulus	S 23
746.47	0.001	746471	Stimulus	S 33
747.175	0.001	747176	Stimulus	S 33
747.95	0.001	747951	Stimulus	S 23
748.588	0.001	748589	Stimulus	S 23
748.973	0.001	748974	Stimulus	S 23
750.087	0.001	750088	Stimulus	S 23
750.711	0.001	750712	Stimulus	S 23
751.278	0.001	751279	Stimulus	S 23
751.722	0.001	751723	Stimulus	S 23
752.752	0.001	752753	Stimulus	S 23
753.765	0.001	753766	Stimulus	S 23
754.827	0.001	754828	Stimulus	S 23
756.352	0.001	756353	Stimulus	S 23
757.497	0.001	757498	Stimulus	S 33
758.049	0.001	758050	Stimulus	S 23
760.518	0.001	760519	Stimulus	S 23
761.446	0.001	761447	Stimulus	S 23
763.091	0.001	763092	Stimulus	S 23
763.627	0.001	763628	Stimulus	S 23
764.149	0.001	764150	Stimulus	S 23
766.533	0.001	766534	Stimulus	S 33
767.725	0.001	767726	Stimulus	S 33
768.104	0.001	768105	Stimulus	S 23
768.475	0.001	768476	Stimulus	S 23
768.784	0.001	768785	Stimulus	S 23
769.063	0.001	769064	Stimulus	S 73
770.07	0.001	770071	Stimulus	S 83
771.307	0.001	771308	Stimulus	S  2
773.134	0.001	773135	Stimulus	S 12
773.865	0.001	773866	Stimulus	S 52
774.738	0.001	774739	Stimulus	S 42
774.786	0.001	774787	Stimulus	S 22
775.223	0.001	775224	Stimulus	S 52
775.459	0.001	775460	Stimulus	S 52
775.747	0.001	775748	Stimulus	S 32
776.408	0.001	776409	Stimulus	S 52
776.69	0.001	776691	Stimulus	S 52
776.868	0.001	776869	Stimulus	S 42
776.957	0.001	776958	Stimulus	S 22
777.407	0.001	777408	Stimulus	S 42
777.535	0.001	777536	Stimulus	S 22
777.874	0.001	777875	Stimulus	S 52
778.062	0.001	778063	Stimulus	S 52
778.158	0.001	778159	Stimulus	S 52
778.519	0.001	778520	Stimulus	S 22
778.584	0.001	778585	Stimulus	S 42
778.85	0.001	778851	Stimulus	S 22
779.064	0.001	779065	Stimulus	S 22
779.161	0.001	779162	Stimulus	S 42
779.258	0.001	779259	Stimulus	S 22
779.453	0.001	779454	Stimulus	S 22
779.525	0.001	779526	Stimulus	S 42
779.629	0.001	779630	Stimulus	S 42
780.078	0.001	780079	Stimulus	S 42
780.112	0.001	780113	Stimulus	S 42
780.316	0.001	780317	Stimulus	S 52
780.42	0.001	780421	Stimulus	S 52
780.525	0.001	780526	Stimulus	S 32
780.789	0.001	780790	Stimulus	S 52
780.878	0.001	780879	Stimulus	S 32
781.106	0.001	781107	Stimulus	S 32
781.834	0.001	781835	Stimulus	S 52
781.906	0.001	781907	Stimulus	S 32
782.362	0.001	782363	Stimulus	S 52
782.426	0.001	782427	Stimulus	S 32
782.49	0.001	782491	Stimulus	S 52
782.514	0.001	782515	Stimulus	S 52
782.538	0.001	782539	Stimulus	S 52
782.882	0.001	782883	Stimulus	S 42
782.998	0.001	782999	Stimulus	S 22
783.513	0.001	783514	Stimulus	S 22
783.706	0.001	783707	Stimulus	S 42
783.834	0.001	783835	Stimulus	S 22
784.552	0.001	784553	Stimulus	S 22
784.592	0.001	784593	Stimulus	S 42
784.777	0.001	784778	Stimulus	S 22
784.954	0.001	784955	Stimulus	S 22
785.155	0.001	785156	Stimulus	S 22
785.253	0.001	785254	Stimulus	S 42
785.322	0.001	785323	Stimulus	S 22
785.519	0.001	785520	Stimulus	S 22
785.711	0.001	785712	Stimulus	S 42
785.72	0.001	785721	Stimulus	S 22
785.873	0.001	785874	Stimulus	S 42
786.05	0.001	786051	Stimulus	S 42
786.708	0.001	786709	Stimulus	S 42
787.045	0.001	787046	Stimulus	S 32
787.126	0.001	787127	Stimulus	S 52
787.53	0.001	787531	Stimulus	S 32
788.622	0.001	788623	Stimulus	S 32
788.792	0.001	788793	Stimulus	S 52
788.888	0.001	788889	Stimulus	S 52
789.646	0.001	789647	Stimulus	S 42
789.861	0.001	789862	Stimulus	S 52
789.878	0.001	789879	Stimulus	S 22
789.918	0.001	789919	Stimulus	S 52
790.585	0.001	790586	Stimulus	S 42
790.769	0.001	790770	Stimulus	S 52
791.093	0.001	791094	Stimulus	S 52
791.811	0.001	791812	Stimulus	S 22
792.118	0.001	792119	Stimulus	S 22
792.335	0.001	792336	Stimulus	S 22
792.535	0.001	792536	Stimulus	S 22
792.719	0.001	792720	Stimulus	S 22
792.784	0.001	792785	Stimulus	S 42
793.591	0.001	793592	Stimulus	S 52
793.707	0.001	793708	Stimulus	S 52
794.222	0.001	794223	Stimulus	S 52
794.366	0.001	794367	Stimulus	S 42
794.658	0.001	794659	Stimulus	S 22
794.771	0.001	794772	Stimulus	S 42
795.186	0.001	795187	Stimulus	S 42
795.686	0.001	795687	Stimulus	S 32
795.895	0.001	795896	Stimulus	S 32
796.099	0.001	796100	Stimulus	S 32
796.31	0.001	796311	Stimulus	S 32
796.905	0.001	796906	Stimulus	S 52
797.03	0.001	797031	Stimulus	S 32
797.215	0.001	797216	Stimulus	S 32
797.368	0.001	797369	Stimulus	S 32
797.553	0.001	797554	Stimulus	S 32
797.622	0.001	797623	Stimulus	S 52
798.282	0.001	798283	Stimulus	S 52
798.555	0.001	798556	Stimulus	S 52
798.725	0.001	798726	Stimulus	S 52
798.901	0.001	798902	Stimulus	S 42
798.975	0.001	798976	Stimulus	S 22
799.242	0.001	799243	Stimulus	S 22
799.573	0.001	799574	Stimulus	S 22
799.995	0.001	799996	Stimulus	S 22
800.181	0.001	800182	Stimulus	S 22
800.398	0.001	800399	Stimulus	S 22
800.815	0.001	800816	Stimulus	S 42
801.124	0.001	801125	Stimulus	S 22
802.071	0.001	802072	Stimulus	S 42
802.207	0.001	802208	Stimulus	S 22
802.84	0.001	802841	Stimulus	S 42
803.573	0.001	803574	Stimulus	S 32
803.661	0.001	803662	Stimulus	S 52
804.113	0.001	804114	Stimulus	S 52
804.53	0.001	804531	Stimulus	S 22
804.923	0.001	804924	Stimulus	S 22
805.046	0.001	805047	Stimulus	S 42
805.07	0.001	805071	Stimulus	S 42
805.102	0.001	805103	Stimulus	S 22
805.209	0.001	805210	Stimulus	S 42
805.283	0.001	805284	Stimulus	S 22
805.855	0.001	805856	Stimulus	S 32
806.048	0.001	806049	Stimulus	S 32
806.233	0.001	806234	Stimulus	S 32
806.409	0.001	806410	Stimulus	S 32
806.578	0.001	806579	Stimulus	S 32
806.594	0.001	806595	Stimulus	S 52
806.682	0.001	806683	Stimulus	S 52
806.738	0.001	806739	Stimulus	S 32
806.794	0.001	806795	Stimulus	S 52
806.898	0.001	806899	Stimulus	S 32
807.077	0.001	807078	Stimulus	S 32
808.202	0.001	808203	Stimulus	S 32
808.245	0.001	808246	Stimulus	S 52
808.461	0.001	808462	Stimulus	S 52
808.477	0.001	808478	Stimulus	S 52
808.774	0.001	808775	Stimulus	S 32
808.975	0.001	808976	Stimulus	S 52
809.167	0.001	809168	Stimulus	S 22
809.44	0.001	809441	Stimulus	S 22
809.569	0.001	809570	Stimulus	S 42
809.793	0.001	809794	Stimulus	S 42
809.841	0.001	809842	Stimulus	S 22
809.989	0.001	809990	Stimulus	S 42
810.013	0.001	810014	Stimulus	S 42
810.377	0.001	810378	Stimulus	S 32
810.854	0.001	810855	Stimulus	S 32
811.072	0.001	811073	Stimulus	S 32
811.297	0.001	811298	Stimulus	S 32
811.488	0.001	811489	Stimulus	S 32
811.713	0.001	811714	Stimulus	S 32
812.317	0.001	812318	Stimulus	S 32
812.511	0.001	812512	Stimulus	S 32
812.6	0.001	812601	Stimulus	S 52
812.709	0.001	812710	Stimulus	S 32
812.894	0.001	812895	Stimulus	S 32
813.359	0.001	813360	Stimulus	S 52
813.415	0.001	813416	Stimulus	S 52
814.492	0.001	814493	Stimulus	S 52
814.824	0.001	814825	Stimulus	S 52
815.032	0.001	815033	Stimulus	S 22
815.612	0.001	815613	Stimulus	S 22
815.783	0.001	815784	Stimulus	S 42
815.909	0.001	815910	Stimulus	S 42
816.384	0.001	816385	Stimulus	S 32
816.393	0.001	816394	Stimulus	S 52
817.523	0.001	817524	Stimulus	S 32
817.908	0.001	817909	Stimulus	S 52
818.306	0.001	818307	Stimulus	S 22
818.323	0.001	818324	Stimulus	S 42
818.595	0.001	818596	Stimulus	S 42
818.695	0.001	818696	Stimulus	S 42
819.021	0.001	819022	Stimulus	S 42
819.093	0.001	819094	Stimulus	S 52
819.118	0.001	819119	Stimulus	S 32
819.658	0.001	819659	Stimulus	S 52
819.666	0.001	819667	Stimulus	S 32
819.96	0.001	819961	Stimulus	S 52
820.721	0.001	820722	Stimulus	S 52
820.745	0.001	820746	Stimulus	S 32
821.221	0.001	821222	Stimulus	S 52
821.773	0.001	821774	Stimulus	S 42
821.83	0.001	821831	Stimulus	S 22
822.134	0.001	822135	Stimulus	S 42
822.246	0.001	822247	Stimulus	S 42
822.579	0.001	822580	Stimulus	S 52
822.587	0.001	822588	Stimulus	S 32
823	0.001	823001	Stimulus	S 52
823.096	0.001	823097	Stimulus	S 42
823.347	0.001	823348	Stimulus	S 22
823.552	0.001	823553	Stimulus	S 52
823.592	0.001	823593	Stimulus	S 52
823.914	0.001	823915	Stimulus	S 32
824.414	0.001	824415	Stimulus	S 22
824.462	0.001	824463	Stimulus	S 42
824.638	0.001	824639	Stimulus	S 22
824.965	0.001	824966	Stimulus	S 22
825.2	0.001	825201	Stimulus	S 22
825.424	0.001	825425	Stimulus	S 22
825.531	0.001	825532	Stimulus	S 42
825.619	0.001	825620	Stimulus	S 22
826.295	0.001	826296	Stimulus	S 22
826.448	0.001	826449	Stimulus	S 42
826.512	0.001	826513	Stimulus	S 22
826.792	0.001	826793	Stimulus	S 42
827.008	0.001	827009	Stimulus	S 22
827.145	0.001	827146	Stimulus	S 42
827.314	0.001	827315	Stimulus	S 42
827.63	0.001	827631	Stimulus	S 42
827.774	0.001	827775	Stimulus	S 42
828.01	0.001	828011	Stimulus	S 52
828.034	0.001	828035	Stimulus	S 32
828.251	0.001	828252	Stimulus	S 32
828.548	0.001	828549	Stimulus	S 52
828.685	0.001	828686	Stimulus	S 32
828.769	0.001	828770	Stimulus	S 52
828.889	0.001	828890	Stimulus	S 32
829.105	0.001	829106	Stimulus	S 52
829.225	0.001	829226	Stimulus	S 52
829.486	0.001	829487	Stimulus	S 22
829.735	0.001	829736	Stimulus	S 22
829.81	0.001	829811	Stimulus	S 42
829.942	0.001	829943	Stimulus	S 22
830.118	0.001	830119	Stimulus	S 22
830.337	0.001	830338	Stimulus	S 22
830.393	0.001	830394	Stimulus	S 42
830.449	0.001	830450	Stimulus	S 42
830.793	0.001	830794	Stimulus	S 42
831.222	0.001	831223	Stimulus	S 42
831.27	0.001	831271	Stimulus	S 32
831.849	0.001	831850	Stimulus	S 32
832	0.001	832001	Stimulus	S 52
832.065	0.001	832066	Stimulus	S 32
832.191	0.001	832192	Stimulus	S 52
832.649	0.001	832650	Stimulus	S 22
832.721	0.001	832722	Stimulus	S 52
833.208	0.001	833209	Stimulus	S 72
834.218	0.001	834219	Stimulus	S 82
835.759	0.001	835760	Stimulus	S  3
838.124	0.001	838125	Stimulus	S 13
839.617	0.001	839618	Stimulus	S 23
840.479	0.001	840480	Stimulus	S 23
841.211	0.001	841212	Stimulus	S 33
841.71	0.001	841711	Stimulus	S 33
842.377	0.001	842378	Stimulus	S 33
842.651	0.001	842652	Stimulus	S 33
842.909	0.001	842910	Stimulus	S 33
843.88	0.001	843881	Stimulus	S 23
844.442	0.001	844443	Stimulus	S 33
845.186	0.001	845187	Stimulus	S 33
845.76	0.001	845761	Stimulus	S 23
846.838	0.001	846839	Stimulus	S 33
847.746	0.001	847747	Stimulus	S 23
849.149	0.001	849150	Stimulus	S 23
850.124	0.001	850125	Stimulus	S 33
851.2	0.001	851201	Stimulus	S 23
852.913	0.001	852914	Stimulus	S 33
853.641	0.001	853642	Stimulus	S 23
854.141	0.001	854142	Stimulus	S 23
855.379	0.001	855380	Stimulus	S 33
856.096	0.001	856097	Stimulus	S 33
856.741	0.001	856742	Stimulus	S 23
857.689	0.001	857690	Stimulus	S 23
858.525	0.001	858526	Stimulus	S 23
860.118	0.001	860119	Stimulus	S 33
860.73	0.001	860731	Stimulus	S 33
861.286	0.001	861287	Stimulus	S 23
861.888	0.001	861889	Stimulus	S 23
864.452	0.001	864453	Stimulus	S 23
867.275	0.001	867276	Stimulus	S 33
868.276	0.001	868277	Stimulus	S 23
870.183	0.001	870184	Stimulus	S 23
870.84	0.001	870841	Stimulus	S 23
871.318	0.001	871319	Stimulus	S 23
871.647	0.001	871648	Stimulus	S 23
873.234	0.001	873235	Stimulus	S 23
874.402	0.001	874403	Stimulus	S 23
875.215	0.001	875216	Stimulus	S 33
879.882	0.001	879883	Stimulus	S 23
883.191	0.001	883192	Stimulus	S 33
883.601	0.001	883602	Stimulus	S 33
884.226	0.001	884227	Stimulus	S 33
885.383	0.001	885384	Stimulus	S 33
885.918	0.001	885919	Stimulus	S 33
886.215	0.001	886216	Stimulus	S 33
887.532	0.001	887533	Stimulus	S 23
888.566	0.001	888567	Stimulus	S 23
889.831	0.001	889832	Stimulus	S 23
890.959	0.001	890960	Stimulus	S 33
891.592	0.001	891593	Stimulus	S 23
892.751	0.001	892752	Stimulus	S 23
893.511	0.001	893512	Stimulus	S 33
895.369	0.001	895370	Stimulus	S 23
896.801	0.001	896802	Stimulus	S 23
897.358	0.001	897359	Stimulus	S 23
897.722	0.001	897723	Stimulus	S 23
898.196	0.001	898197	Stimulus	S 73
899.208	0.001	899209	Stimulus	S 83
900.508	0.001	900509	Stimulus	S  4
902.217	0.001	902218	Stimulus	S 14
902.523	0.001	902524	Stimulus	S 54
902.571	0.001	902572	Stimulus	S 54
902.659	0.001	902660	Stimulus	S 54
902.9	0.001	902901	Stimulus	S 44
902.925	0.001	902926	Stimulus	S 44
903.011	0.001	903012	Stimulus	S 24
903.294	0.001	903295	Stimulus	S 24
903.935	0.001	903936	Stimulus	S 44
904.242	0.001	904243	Stimulus	S 44
904.61	0.001	904611	Stimulus	S 54
904.69	0.001	904691	Stimulus	S 54
904.722	0.001	904723	Stimulus	S 34
904.819	0.001	904820	Stimulus	S 54
904.843	0.001	904844	Stimulus	S 54
904.859	0.001	904860	Stimulus	S 54
905.306	0.001	905307	Stimulus	S 24
905.537	0.001	905538	Stimulus	S 24
905.612	0.001	905613	Stimulus	S 44
905.692	0.001	905693	Stimulus	S 44
905.732	0.001	905733	Stimulus	S 24
905.928	0.001	905929	Stimulus	S 44
905.944	0.001	905945	Stimulus	S 24
906.049	0.001	906050	Stimulus	S 44
906.881	0.001	906882	Stimulus	S 24
907.01	0.001	907011	Stimulus	S 44
907.122	0.001	907123	Stimulus	S 24
907.194	0.001	907195	Stimulus	S 44
907.298	0.001	907299	Stimulus	S 24
907.777	0.001	907778	Stimulus	S 24
907.975	0.001	907976	Stimulus	S 24
908.177	0.001	908178	Stimulus	S 24
908.37	0.001	908371	Stimulus	S 24
908.567	0.001	908568	Stimulus	S 24
908.752	0.001	908753	Stimulus	S 24
908.953	0.001	908954	Stimulus	S 24
909.13	0.001	909131	Stimulus	S 24
909.33	0.001	909331	Stimulus	S 24
909.527	0.001	909528	Stimulus	S 24
909.706	0.001	909707	Stimulus	S 24
909.883	0.001	909884	Stimulus	S 24
910.007	0.001	910008	Stimulus	S 44
910.064	0.001	910065	Stimulus	S 24
910.265	0.001	910266	Stimulus	S 24
910.475	0.001	910476	Stimulus	S 24
910.66	0.001	910661	Stimulus	S 24
910.834	0.001	910835	Stimulus	S 24
911.017	0.001	911018	Stimulus	S 64
912.025	0.001	912026	Stimulus	S 84
912.965	0.001	912966	Stimulus	S  1
913.988	0.001	913989	Stimulus	S 11
915.272	0.001	915273	Stimulus	S 31
917.736	0.001	917737	Stimulus	S 21
918.811	0.001	918812	Stimulus	S 21
919.541	0.001	919542	Stimulus	S 21
920.268	0.001	920269	Stimulus	S 21
921.281	0.001	921282	Stimulus	S 21
922.155	0.001	922156	Stimulus	S 21
923.114	0.001	923115	Stimulus	S 21
924.202	0.001	924203	Stimulus	S 21
927.422	0.001	927423	Stimulus	S 21
930.047	0.001	930048	Stimulus	S 31
930.721	0.001	930722	Stimulus	S 31
931.855	0.001	931856	Stimulus	S 21
932.865	0.001	932866	Stimulus	S 31
933.745	0.001	933746	Stimulus	S 21
934.659	0.001	934660	Stimulus	S 31
936.783	0.001	936784	Stimulus	S 21
939.711	0.001	939712	Stimulus	S 21
941.207	0.001	941208	Stimulus	S 21
944.552	0.001	944553	Stimulus	S 21
945.234	0.001	945235	Stimulus	S 31
946.484	0.001	946485	Stimulus	S 31
947.262	0.001	947263	Stimulus	S 21
950.734	0.001	950735	Stimulus	S 21
953.857	0.001	953858	Stimulus	S 31
955.28	0.001	955281	Stimulus	S 31
956.27	0.001	956271	Stimulus	S 31
957.621	0.001	957622	Stimulus	S 21
961.276	0.001	961277	Stimulus	S 21
962.098	0.001	962099	Stimulus	S 31
963.13	0.001	963131	Stimulus	S 21
963.68	0.001	963681	Stimulus	S 31
964.718	0.001	964719	Stimulus	S 31
966.167	0.001	966168	Stimulus	S 21
966.691	0.001	966692	Stimulus	S 31
970.239	0.001	970240	Stimulus	S 31
971.025	0.001	971026	Stimulus	S 21
972.827	0.001	972828	Stimulus	S 21
973.476	0.001	973477	Stimulus	S 21
974.064	0.001	974065	Stimulus	S 71
975.071	0.001	975072	Stimulus	S 81
977.381	0.001	977382	Stimulus	S  4
978.594	0.001	978595	Stimulus	S 14
980.073	0.001	980074	Stimulus	S 24
980.082	0.001	980083	Stimulus	S 44
980.958	0.001	980959	Stimulus	S 34
981.559	0.001	981560	Stimulus	S 34
981.728	0.001	981729	Stimulus	S 54
982.216	0.001	982217	Stimulus	S 24
982.771	0.001	982772	Stimulus	S 44
982.787	0.001	982788	Stimulus	S 24
982.92	0.001	982921	Stimulus	S 44
983.441	0.001	983442	Stimulus	S 34
983.477	0.001	983478	Stimulus	S 54
984.461	0.001	984462	Stimulus	S 54
984.887	0.001	984888	Stimulus	S 44
985.031	0.001	985032	Stimulus	S 24
985.987	0.001	985988	Stimulus	S 34
986.011	0.001	986012	Stimulus	S 54
986.107	0.001	986108	Stimulus	S 54
988.883	0.001	988884	Stimulus	S 34
990.444	0.001	990445	Stimulus	S 54
990.604	0.001	990605	Stimulus	S 54
991.085	0.001	991086	Stimulus	S 24
991.254	0.001	991255	Stimulus	S 44
991.27	0.001	991271	Stimulus	S 44
991.678	0.001	991679	Stimulus	S 54
991.807	0.001	991808	Stimulus	S 34
992.083	0.001	992084	Stimulus	S 54
992.403	0.001	992404	Stimulus	S 54
993.007	0.001	993008	Stimulus	S 24
993.491	0.001	993492	Stimulus	S 24
993.516	0.001	993517	Stimulus	S 44
993.933	0.001	993934	Stimulus	S 44
994.157	0.001	994158	Stimulus	S 24
994.298	0.001	994299	Stimulus	S 44
994.538	0.001	994539	Stimulus	S 44
995.106	0.001	995107	Stimulus	S 44
995.25	0.001	995251	Stimulus	S 34
995.728	0.001	995729	Stimulus	S 34
995.958	0.001	995959	Stimulus	S 54
996.551	0.001	996552	Stimulus	S 34
996.719	0.001	996720	Stimulus	S 54
997.338	0.001	997339	Stimulus	S 34
997.443	0.001	997444	Stimulus	S 54
997.539	0.001	997540	Stimulus	S 34
997.707	0.001	997708	Stimulus	S 34
998.011	0.001	998012	Stimulus	S 54
998.686	0.001	998687	Stimulus	S 34
998.863	0.001	998864	Stimulus	S 34
999.023	0.001	999024	Stimulus	S 34
999.211	0.001	999212	Stimulus	S 34
999.372	0.001	999373	Stimulus	S 34
999.485	0.001	999486	Stimulus	S 54
1000.118	0.001	1000119	Stimulus	S 54
1000.426	0.001	1000427	Stimulus	S 54
1001.422	0.001	1001423	Stimulus	S 34
1001.625	0.001	1001626	Stimulus	S 34
1001.895	0.001	1001896	Stimulus	S 34
1002.776	0.001	1002777	Stimulus	S 34
1003.073	0.001	1003074	Stimulus	S 34
1003.268	0.001	1003269	Stimulus	S 34
1003.388	0.001	1003389	Stimulus	S 54
1003.429	0.001	1003430	Stimulus	S 34
1003.581	0.001	1003582	Stimulus	S 34
1003.742	0.001	1003743	Stimulus	S 34
1004.591	0.001	1004592	Stimulus	S 24
1004.959	0.001	1004960	Stimulus	S 44
1005.6	0.001	1005601	Stimulus	S 34
1006.844	0.001	1006845	Stimulus	S 24
1007.807	0.001	1007808	Stimulus	S 24
1008.388	0.001	1008389	Stimulus	S 44
1008.396	0.001	1008397	Stimulus	S 24
1008.989	0.001	1008990	Stimulus	S 44
1009.416	0.001	1009417	Stimulus	S 34
1009.986	0.001	1009987	Stimulus	S 34
1010.035	0.001	1010036	Stimulus	S 54
1010.235	0.001	1010236	Stimulus	S 34
1011.023	0.001	1011024	Stimulus	S 24
1011.338	0.001	1011339	Stimulus	S 44
1011.498	0.001	1011499	Stimulus	S 24
1011.563	0.001	1011564	Stimulus	S 44
1012.208	0.001	1012209	Stimulus	S 34
1012.702	0.001	1012703	Stimulus	S 54
1012.887	0.001	1012888	Stimulus	S 34
1013.32	0.001	1013321	Stimulus	S 54
1013.588	0.001	1013589	Stimulus	S 34
1013.83	0.001	1013831	Stimulus	S 34
1014.039	0.001	1014040	Stimulus	S 34
1014.128	0.001	1014129	Stimulus	S 54
1014.208	0.001	1014209	Stimulus	S 34
1014.368	0.001	1014369	Stimulus	S 34
1014.868	0.001	1014869	Stimulus	S 34
1015.033	0.001	1015034	Stimulus	S 34
1015.21	0.001	1015211	Stimulus	S 34
1015.392	0.001	1015393	Stimulus	S 34
1015.56	0.001	1015561	Stimulus	S 34
1016.023	0.001	1016024	Stimulus	S 34
1016.195	0.001	1016196	Stimulus	S 34
1016.263	0.001	1016264	Stimulus	S 54
1016.359	0.001	1016360	Stimulus	S 34
1016.504	0.001	1016505	Stimulus	S 54
1016.512	0.001	1016513	Stimulus	S 34
1016.66	0.001	1016661	Stimulus	S 34
1016.86	0.001	1016861	Stimulus	S 54
1017.464	0.001	1017465	Stimulus	S 24
1017.513	0.001	1017514	Stimulus	S 44
1017.777	0.001	1017778	Stimulus	S 44
1017.793	0.001	1017794	Stimulus	S 44
1018.225	0.001	1018226	Stimulus	S 44
1018.538	0.001	1018539	Stimulus	S 34
1018.603	0.001	1018604	Stimulus	S 54
1018.827	0.001	1018828	Stimulus	S 54
1019.48	0.001	1019481	Stimulus	S 24
1020.624	0.001	1020625	Stimulus	S 24
1021.196	0.001	1021197	Stimulus	S 44
1021.48	0.001	1021481	Stimulus	S 24
1021.569	0.001	1021570	Stimulus	S 44
1022.052	0.001	1022053	Stimulus	S 34
1022.4	0.001	1022401	Stimulus	S 54
1022.585	0.001	1022586	Stimulus	S 34
1022.762	0.001	1022763	Stimulus	S 54
1022.778	0.001	1022779	Stimulus	S 54
1023.341	0.001	1023342	Stimulus	S 24
1023.815	0.001	1023816	Stimulus	S 24
1024.056	0.001	1024057	Stimulus	S 44
1024.228	0.001	1024229	Stimulus	S 24
1024.741	0.001	1024742	Stimulus	S 24
1025.015	0.001	1025016	Stimulus	S 24
1025.201	0.001	1025202	Stimulus	S 24
1025.391	0.001	1025392	Stimulus	S 24
1025.549	0.001	1025550	Stimulus	S 24
1025.727	0.001	1025728	Stimulus	S 24
1025.912	0.001	1025913	Stimulus	S 24
1026.082	0.001	1026083	Stimulus	S 24
1026.27	0.001	1026271	Stimulus	S 24
1026.443	0.001	1026444	Stimulus	S 24
1026.644	0.001	1026645	Stimulus	S 24
1026.833	0.001	1026834	Stimulus	S 24
1027.018	0.001	1027019	Stimulus	S 24
1027.211	0.001	1027212	Stimulus	S 24
1027.404	0.001	1027405	Stimulus	S 24
1027.605	0.001	1027606	Stimulus	S 24
1027.808	0.001	1027809	Stimulus	S 24
1027.993	0.001	1027994	Stimulus	S 24
1028.169	0.001	1028170	Stimulus	S 44
1028.201	0.001	1028202	Stimulus	S 24
1028.369	0.001	1028370	Stimulus	S 24
1028.386	0.001	1028387	Stimulus	S 44
1028.586	0.001	1028587	Stimulus	S 24
1028.698	0.001	1028699	Stimulus	S 44
1028.802	0.001	1028803	Stimulus	S 24
1029.018	0.001	1029019	Stimulus	S 24
1029.243	0.001	1029244	Stimulus	S 24
1029.329	0.001	1029330	Stimulus	S 64
1030.335	0.001	1030336	Stimulus	S 84
1031.463	0.001	1031464	Stimulus	S  3
1032.39	0.001	1032391	Stimulus	S 13
1034.063	0.001	1034064	Stimulus	S 23
1034.766	0.001	1034767	Stimulus	S 23
1036.145	0.001	1036146	Stimulus	S 23
1036.949	0.001	1036950	Stimulus	S 23
1038.397	0.001	1038398	Stimulus	S 23
1039.084	0.001	1039085	Stimulus	S 23
1040.85	0.001	1040851	Stimulus	S 23
1042.42	0.001	1042421	Stimulus	S 33
1044.831	0.001	1044832	Stimulus	S 33
1047.281	0.001	1047282	Stimulus	S 23
1049.455	0.001	1049456	Stimulus	S 23
1050.195	0.001	1050196	Stimulus	S 33
1051.741	0.001	1051742	Stimulus	S 33
1052.564	0.001	1052565	Stimulus	S 23
1053.203	0.001	1053204	Stimulus	S 33
1053.781	0.001	1053782	Stimulus	S 23
1054.6	0.001	1054601	Stimulus	S 23
1055.365	0.001	1055366	Stimulus	S 23
1057.993	0.001	1057994	Stimulus	S 23
1058.953	0.001	1058954	Stimulus	S 23
1060.512	0.001	1060513	Stimulus	S 23
1061.32	0.001	1061321	Stimulus	S 23
1061.883	0.001	1061884	Stimulus	S 33
1062.448	0.001	1062449	Stimulus	S 33
1063.266	0.001	1063267	Stimulus	S 33
1064.977	0.001	1064978	Stimulus	S 33
1065.524	0.001	1065525	Stimulus	S 33
1067.791	0.001	1067792	Stimulus	S 33
1068.247	0.001	1068248	Stimulus	S 33
1069.267	0.001	1069268	Stimulus	S 33
1069.912	0.001	1069913	Stimulus	S 23
1070.609	0.001	1070610	Stimulus	S 23
1071.608	0.001	1071609	Stimulus	S 23
1075.14	0.001	1075141	Stimulus	S 23
1077.971	0.001	1077972	Stimulus	S 33
1078.5	0.001	1078501	Stimulus	S 33
1079.223	0.001	1079224	Stimulus	S 23
1079.8	0.001	1079801	Stimulus	S 33
1081.45	0.001	1081451	Stimulus	S 33
1082.106	0.001	1082107	Stimulus	S 23
1083.514	0.001	1083515	Stimulus	S 23
1084.155	0.001	1084156	Stimulus	S 23
1085.252	0.001	1085253	Stimulus	S 23
1087.029	0.001	1087030	Stimulus	S 23
1087.839	0.001	1087840	Stimulus	S 23
1090.847	0.001	1090848	Stimulus	S 33
1091.456	0.001	1091457	Stimulus	S 23
1092.111	0.001	1092112	Stimulus	S 23
1092.461	0.001	1092462	Stimulus	S 73
1093.466	0.001	1093467	Stimulus	S 83
1094.587	0.001	1094588	Stimulus	S  1
1095.819	0.001	1095820	Stimulus	S 11
1096.657	0.001	1096658	Stimulus	S 31
1097.483	0.001	1097484	Stimulus	S 21
1098.402	0.001	1098403	Stimulus	S 21
1100.099	0.001	1100100	Stimulus	S 21
1100.772	0.001	1100773	Stimulus	S 21
1102.042	0.001	1102043	Stimulus	S 21
1103.707	0.001	1103708	Stimulus	S 31
1104.351	0.001	1104352	Stimulus	S 31
1105.668	0.001	1105669	Stimulus	S 31
1108.668	0.001	1108669	Stimulus	S 31
1110.72	0.001	1110721	Stimulus	S 21
1111.413	0.001	1111414	Stimulus	S 21
1112.309	0.001	1112310	Stimulus	S 31
1114.386	0.001	1114387	Stimulus	S 21
1115.733	0.001	1115734	Stimulus	S 31
1116.591	0.001	1116592	Stimulus	S 31
1118.072	0.001	1118073	Stimulus	S 31
1119.464	0.001	1119465	Stimulus	S 31
1120.121	0.001	1120122	Stimulus	S 21
1121.385	0.001	1121386	Stimulus	S 31
1122.026	0.001	1122027	Stimulus	S 21
1124.641	0.001	1124642	Stimulus	S 21
1125.444	0.001	1125445	Stimulus	S 21
1126.028	0.001	1126029	Stimulus	S 31
1126.649	0.001	1126650	Stimulus	S 31
1128.103	0.001	1128104	Stimulus	S 31
1128.969	0.001	1128970	Stimulus	S 21
1129.761	0.001	1129762	Stimulus	S 31
1130.413	0.001	1130414	Stimulus	S 21
1131.192	0.001	1131193	Stimulus	S 31
1132.267	0.001	1132268	Stimulus	S 21
1133.238	0.001	1133239	Stimulus	S 31
1134.825	0.001	1134826	Stimulus	S 31
1135.579	0.001	1135580	Stimulus	S 21
1136.6	0.001	1136601	Stimulus	S 31
1137.609	0.001	1137610	Stimulus	S 21
1138.953	0.001	1138954	Stimulus	S 21
1139.568	0.001	1139569	Stimulus	S 31
1140.332	0.001	1140333	Stimulus	S 21
1141.322	0.001	1141323	Stimulus	S 31
1143.632	0.001	1143633	Stimulus	S 31
1145.657	0.001	1145658	Stimulus	S 31
1146.429	0.001	1146430	Stimulus	S 21
1147.176	0.001	1147177	Stimulus	S 31
1148.254	0.001	1148255	Stimulus	S 21
1149.553	0.001	1149554	Stimulus	S 31
1150.33	0.001	1150331	Stimulus	S 31
1151.289	0.001	1151290	Stimulus	S 21
1151.889	0.001	1151890	Stimulus	S 31
1152.59	0.001	1152591	Stimulus	S 31
1155.892	0.001	1155893	Stimulus	S 71
1156.903	0.001	1156904	Stimulus	S 81
